/*
 Navicat Premium Data Transfer

 Source Server         : alair
 Source Server Type    : Oracle
 Source Server Version : 190000
 Source Host           : localhost:1521
 Source Schema         : ALAIR

 Target Server Type    : Oracle
 Target Server Version : 190000
 File Encoding         : 65001

 Date: 12/04/2021 18:26:29
*/


-- ----------------------------
-- Table structure for DEVELOP_APPLICATION
-- ----------------------------
DROP TABLE "ALAIR"."DEVELOP_APPLICATION";
CREATE TABLE "ALAIR"."DEVELOP_APPLICATION" (
  "ID" NUMBER(20,0) VISIBLE NOT NULL,
  "APPLICATION_NAME" NVARCHAR2(64) VISIBLE,
  "APPLICATION_CODE" NVARCHAR2(64) VISIBLE,
  "APPLICATION_PORT" NUMBER(10,0) VISIBLE,
  "APPLICATION_PATH" NVARCHAR2(64) VISIBLE,
  "REMARK" NVARCHAR2(64) VISIBLE,
  "IS_DELETED" NUMBER(11,0) VISIBLE,
  "ENTITIS_JSON" NCLOB VISIBLE,
  "STATUS" NVARCHAR2(20) VISIBLE
)
LOGGING
NOCOMPRESS
PCTFREE 10
INITRANS 1
STORAGE (
  INITIAL 65536 
  NEXT 1048576 
  MINEXTENTS 1
  MAXEXTENTS 2147483645
  BUFFER_POOL DEFAULT
)
PARALLEL 1
NOCACHE
DISABLE ROW MOVEMENT
;
COMMENT ON COLUMN "ALAIR"."DEVELOP_APPLICATION"."ID" IS '主键';
COMMENT ON COLUMN "ALAIR"."DEVELOP_APPLICATION"."APPLICATION_NAME" IS '应用名称';
COMMENT ON COLUMN "ALAIR"."DEVELOP_APPLICATION"."APPLICATION_CODE" IS '应用编码';
COMMENT ON COLUMN "ALAIR"."DEVELOP_APPLICATION"."APPLICATION_PORT" IS '应用端口';
COMMENT ON COLUMN "ALAIR"."DEVELOP_APPLICATION"."APPLICATION_PATH" IS '应用路径';
COMMENT ON COLUMN "ALAIR"."DEVELOP_APPLICATION"."REMARK" IS '备注';
COMMENT ON COLUMN "ALAIR"."DEVELOP_APPLICATION"."IS_DELETED" IS '是否已删除';
COMMENT ON COLUMN "ALAIR"."DEVELOP_APPLICATION"."ENTITIS_JSON" IS '实体内容';
COMMENT ON COLUMN "ALAIR"."DEVELOP_APPLICATION"."STATUS" IS '状态';
COMMENT ON TABLE "ALAIR"."DEVELOP_APPLICATION" IS '应用生成表';

-- ----------------------------
-- Records of DEVELOP_APPLICATION
-- ----------------------------

-- ----------------------------
-- Table structure for DEVELOP_CODE
-- ----------------------------
DROP TABLE "ALAIR"."DEVELOP_CODE";
CREATE TABLE "ALAIR"."DEVELOP_CODE" (
  "ID" NUMBER(20,0) VISIBLE NOT NULL,
  "DATASOURCE_ID" NUMBER(20,0) VISIBLE,
  "SERVICE_NAME" NVARCHAR2(64) VISIBLE,
  "CODE_NAME" NVARCHAR2(64) VISIBLE,
  "TABLE_NAME" NVARCHAR2(64) VISIBLE,
  "TABLE_PREFIX" NVARCHAR2(64) VISIBLE,
  "PK_NAME" NVARCHAR2(32) VISIBLE,
  "PACKAGE_NAME" NVARCHAR2(500) VISIBLE,
  "BASE_MODE" NUMBER(11,0) VISIBLE,
  "WRAP_MODE" NUMBER(11,0) VISIBLE,
  "API_PATH" NCLOB VISIBLE,
  "WEB_PATH" NCLOB VISIBLE,
  "IS_DELETED" NUMBER(11,0) VISIBLE,
  "APPLICATION_ID" NUMBER(20,0) VISIBLE
)
LOGGING
NOCOMPRESS
PCTFREE 10
INITRANS 1
STORAGE (
  INITIAL 65536 
  NEXT 1048576 
  MINEXTENTS 1
  MAXEXTENTS 2147483645
  BUFFER_POOL DEFAULT
)
PARALLEL 1
NOCACHE
DISABLE ROW MOVEMENT
;
COMMENT ON COLUMN "ALAIR"."DEVELOP_CODE"."ID" IS '主键';
COMMENT ON COLUMN "ALAIR"."DEVELOP_CODE"."DATASOURCE_ID" IS '数据源主键';
COMMENT ON COLUMN "ALAIR"."DEVELOP_CODE"."SERVICE_NAME" IS '服务名称';
COMMENT ON COLUMN "ALAIR"."DEVELOP_CODE"."CODE_NAME" IS '模块名称';
COMMENT ON COLUMN "ALAIR"."DEVELOP_CODE"."TABLE_NAME" IS '表名';
COMMENT ON COLUMN "ALAIR"."DEVELOP_CODE"."TABLE_PREFIX" IS '表前缀';
COMMENT ON COLUMN "ALAIR"."DEVELOP_CODE"."PK_NAME" IS '主键名';
COMMENT ON COLUMN "ALAIR"."DEVELOP_CODE"."PACKAGE_NAME" IS '后端包名';
COMMENT ON COLUMN "ALAIR"."DEVELOP_CODE"."BASE_MODE" IS '基础业务模式';
COMMENT ON COLUMN "ALAIR"."DEVELOP_CODE"."WRAP_MODE" IS '包装器模式';
COMMENT ON COLUMN "ALAIR"."DEVELOP_CODE"."API_PATH" IS '后端路径';
COMMENT ON COLUMN "ALAIR"."DEVELOP_CODE"."WEB_PATH" IS '前端路径';
COMMENT ON COLUMN "ALAIR"."DEVELOP_CODE"."IS_DELETED" IS '是否已删除';
COMMENT ON COLUMN "ALAIR"."DEVELOP_CODE"."APPLICATION_ID" IS '应用主键';
COMMENT ON TABLE "ALAIR"."DEVELOP_CODE" IS '代码生成表';

-- ----------------------------
-- Records of DEVELOP_CODE
-- ----------------------------

-- ----------------------------
-- Table structure for DEVELOP_DATASOURCE
-- ----------------------------
DROP TABLE "ALAIR"."DEVELOP_DATASOURCE";
CREATE TABLE "ALAIR"."DEVELOP_DATASOURCE" (
  "ID" NUMBER(20,0) VISIBLE NOT NULL,
  "NAME" NVARCHAR2(100) VISIBLE,
  "DRIVER_CLASS" NVARCHAR2(100) VISIBLE,
  "URL" NVARCHAR2(500) VISIBLE,
  "USERNAME" NVARCHAR2(45) VISIBLE,
  "PASSWORD" NVARCHAR2(45) VISIBLE,
  "REMARK" NVARCHAR2(500) VISIBLE,
  "CREATE_USER" NUMBER(20,0) VISIBLE,
  "CREATE_TIME" TIMESTAMP(6) VISIBLE,
  "UPDATE_USER" NUMBER(20,0) VISIBLE,
  "UPDATE_TIME" TIMESTAMP(6) VISIBLE,
  "STATUS" NUMBER(11,0) VISIBLE,
  "IS_DELETED" NUMBER(11,0) VISIBLE,
  "CREATE_BY" NVARCHAR2(64) VISIBLE
)
LOGGING
NOCOMPRESS
PCTFREE 10
INITRANS 1
STORAGE (
  INITIAL 65536 
  NEXT 1048576 
  MINEXTENTS 1
  MAXEXTENTS 2147483645
  BUFFER_POOL DEFAULT
)
PARALLEL 1
NOCACHE
DISABLE ROW MOVEMENT
;
COMMENT ON COLUMN "ALAIR"."DEVELOP_DATASOURCE"."ID" IS '主键';
COMMENT ON COLUMN "ALAIR"."DEVELOP_DATASOURCE"."NAME" IS '名称';
COMMENT ON COLUMN "ALAIR"."DEVELOP_DATASOURCE"."DRIVER_CLASS" IS '驱动类';
COMMENT ON COLUMN "ALAIR"."DEVELOP_DATASOURCE"."URL" IS '链接地址';
COMMENT ON COLUMN "ALAIR"."DEVELOP_DATASOURCE"."USERNAME" IS '用户名';
COMMENT ON COLUMN "ALAIR"."DEVELOP_DATASOURCE"."PASSWORD" IS '密码';
COMMENT ON COLUMN "ALAIR"."DEVELOP_DATASOURCE"."REMARK" IS '备注';
COMMENT ON COLUMN "ALAIR"."DEVELOP_DATASOURCE"."CREATE_USER" IS '创建人';
COMMENT ON COLUMN "ALAIR"."DEVELOP_DATASOURCE"."CREATE_TIME" IS '创建时间';
COMMENT ON COLUMN "ALAIR"."DEVELOP_DATASOURCE"."UPDATE_USER" IS '修改人';
COMMENT ON COLUMN "ALAIR"."DEVELOP_DATASOURCE"."UPDATE_TIME" IS '修改时间';
COMMENT ON COLUMN "ALAIR"."DEVELOP_DATASOURCE"."STATUS" IS '状态';
COMMENT ON COLUMN "ALAIR"."DEVELOP_DATASOURCE"."IS_DELETED" IS '是否已删除';
COMMENT ON COLUMN "ALAIR"."DEVELOP_DATASOURCE"."CREATE_BY" IS '创建人名称';
COMMENT ON TABLE "ALAIR"."DEVELOP_DATASOURCE" IS '数据源配置表';

-- ----------------------------
-- Records of DEVELOP_DATASOURCE
-- ----------------------------
INSERT INTO "ALAIR"."DEVELOP_DATASOURCE" VALUES ('1161483357481541634', 'mysql', 'com.mysql.cj.jdbc.Driver', 'jdbc:mysql://localhost:3306/monolith?useSSL=false&useUnicode=true&characterEncoding=utf-8&zeroTIMESTAMPTimeBehavior=convertToNull&transformedBitIsBoolean=true&serverTimezone=GMT%2B8&nullCatalogMeansCurrent=true&allowPublicKeyRetrieval=true', 'root', 'root', 'mysql', '1123598821738675201', TO_TIMESTAMP('2020-08-08 12:20:06.000000', 'SYYYY-MM-DD HH24:MI:SS:FF6'), '1123598821738675201', TO_TIMESTAMP('2020-08-08 12:20:06.000000', 'SYYYY-MM-DD HH24:MI:SS:FF6'), '1', '0', 'admin');
INSERT INTO "ALAIR"."DEVELOP_DATASOURCE" VALUES ('1161483504353484802', 'postgresql', 'org.postgresql.Driver', 'jdbc:postgresql://127.0.0.1:5432/monolith', 'postgres', '123456', 'postgresql', '1123598821738675201', TO_TIMESTAMP('2020-08-08 12:20:02.000000', 'SYYYY-MM-DD HH24:MI:SS:FF6'), '1123598821738675201', TO_TIMESTAMP('2020-08-08 12:20:02.000000', 'SYYYY-MM-DD HH24:MI:SS:FF6'), '1', '0', 'admin');
INSERT INTO "ALAIR"."DEVELOP_DATASOURCE" VALUES ('1161483594023510018', 'oracle', 'oracle.jdbc.OracleDriver', 'jdbc:oracle:thin:@127.0.0.1:1521:orcl', 'BLADEX', 'BLADEX', 'oracle', '1123598821738675201', TO_TIMESTAMP('2020-08-08 12:20:03.000000', 'SYYYY-MM-DD HH24:MI:SS:FF6'), '1123598821738675201', TO_TIMESTAMP('2020-08-08 12:20:03.000000', 'SYYYY-MM-DD HH24:MI:SS:FF6'), '1', '0', 'admin');
INSERT INTO "ALAIR"."DEVELOP_DATASOURCE" VALUES ('1161483594023510020', 'sqlserver', 'com.microsoft.sqlserver.jdbc.SQLServerDriver', 'jdbc:sqlserver://127.0.0.1:1433;DatabaseName=monolith', 'bladex', 'bladex', 'sqlserver', '1123598821738675201', TO_TIMESTAMP('2020-08-08 12:20:03.000000', 'SYYYY-MM-DD HH24:MI:SS:FF6'), '1123598821738675201', TO_TIMESTAMP('2020-08-08 12:20:03.000000', 'SYYYY-MM-DD HH24:MI:SS:FF6'), '1', '0', 'admin');

-- ----------------------------
-- Table structure for SYS_ATTACH
-- ----------------------------
DROP TABLE "ALAIR"."SYS_ATTACH";
CREATE TABLE "ALAIR"."SYS_ATTACH" (
  "ID" NUMBER(20,0) VISIBLE NOT NULL,
  "TENANT_ID" NVARCHAR2(12) VISIBLE,
  "LINK" VARCHAR2(1000 BYTE) VISIBLE,
  "DOMAIN" VARCHAR2(500 BYTE) VISIBLE,
  "NAME" VARCHAR2(500 BYTE) VISIBLE,
  "ORIGINAL_NAME" VARCHAR2(500 BYTE) VISIBLE,
  "EXTENSION" VARCHAR2(12 BYTE) VISIBLE,
  "ATTACH_SIZE" NUMBER(20,0) VISIBLE,
  "CREATE_USER" NUMBER(20,0) VISIBLE,
  "CREATE_BY" VARCHAR2(64 BYTE) VISIBLE,
  "CREATE_TIME" TIMESTAMP(6) VISIBLE,
  "UPDATE_USER" NUMBER(20,0) VISIBLE,
  "UPDATE_TIME" TIMESTAMP(6) VISIBLE,
  "STATUS" NUMBER(11,0) VISIBLE,
  "IS_DELETED" NUMBER(11,0) VISIBLE
)
LOGGING
NOCOMPRESS
PCTFREE 10
INITRANS 1
STORAGE (
  BUFFER_POOL DEFAULT
)
PARALLEL 1
NOCACHE
DISABLE ROW MOVEMENT
;
COMMENT ON COLUMN "ALAIR"."SYS_ATTACH"."ID" IS '主键';
COMMENT ON COLUMN "ALAIR"."SYS_ATTACH"."TENANT_ID" IS '租户ID';
COMMENT ON COLUMN "ALAIR"."SYS_ATTACH"."LINK" IS '附件地址';
COMMENT ON COLUMN "ALAIR"."SYS_ATTACH"."DOMAIN" IS '附件域名';
COMMENT ON COLUMN "ALAIR"."SYS_ATTACH"."NAME" IS '附件名称';
COMMENT ON COLUMN "ALAIR"."SYS_ATTACH"."ORIGINAL_NAME" IS '附件原名';
COMMENT ON COLUMN "ALAIR"."SYS_ATTACH"."EXTENSION" IS '附件拓展名';
COMMENT ON COLUMN "ALAIR"."SYS_ATTACH"."ATTACH_SIZE" IS '附件大小';
COMMENT ON COLUMN "ALAIR"."SYS_ATTACH"."CREATE_USER" IS '创建人';
COMMENT ON COLUMN "ALAIR"."SYS_ATTACH"."CREATE_BY" IS '创建人姓名';
COMMENT ON COLUMN "ALAIR"."SYS_ATTACH"."CREATE_TIME" IS '创建时间';
COMMENT ON COLUMN "ALAIR"."SYS_ATTACH"."UPDATE_USER" IS '修改人';
COMMENT ON COLUMN "ALAIR"."SYS_ATTACH"."UPDATE_TIME" IS '修改时间';
COMMENT ON COLUMN "ALAIR"."SYS_ATTACH"."STATUS" IS '状态';
COMMENT ON COLUMN "ALAIR"."SYS_ATTACH"."IS_DELETED" IS '是否已删除';
COMMENT ON TABLE "ALAIR"."SYS_ATTACH" IS '附件表';

-- ----------------------------
-- Records of SYS_ATTACH
-- ----------------------------

-- ----------------------------
-- Table structure for SYS_CLIENT
-- ----------------------------
DROP TABLE "ALAIR"."SYS_CLIENT";
CREATE TABLE "ALAIR"."SYS_CLIENT" (
  "ID" NUMBER(20,0) VISIBLE NOT NULL,
  "CLIENT_ID" NVARCHAR2(48) VISIBLE NOT NULL,
  "CLIENT_SECRET" NVARCHAR2(256) VISIBLE NOT NULL,
  "RESOURCE_IDS" NVARCHAR2(256) VISIBLE,
  "SCOPE" NVARCHAR2(256) VISIBLE NOT NULL,
  "AUTHORIZED_GRANT_TYPES" NVARCHAR2(256) VISIBLE NOT NULL,
  "WEB_SERVER_REDIRECT_URI" NVARCHAR2(256) VISIBLE,
  "AUTHORITIES" NVARCHAR2(256) VISIBLE,
  "ACCESS_TOKEN_VALIDITY" NUMBER(11,0) VISIBLE NOT NULL,
  "REFRESH_TOKEN_VALIDITY" NUMBER(11,0) VISIBLE NOT NULL,
  "ADDITIONAL_INFORMATION" NCLOB VISIBLE,
  "AUTOAPPROVE" NVARCHAR2(256) VISIBLE,
  "CREATE_USER" NUMBER(20,0) VISIBLE,
  "CREATE_BY" NVARCHAR2(64) VISIBLE,
  "CREATE_TIME" TIMESTAMP(6) VISIBLE,
  "UPDATE_USER" NUMBER(20,0) VISIBLE,
  "UPDATE_TIME" TIMESTAMP(6) VISIBLE,
  "STATUS" NUMBER(11,0) VISIBLE NOT NULL,
  "IS_DELETED" NUMBER(11,0) VISIBLE NOT NULL
)
LOGGING
NOCOMPRESS
PCTFREE 10
INITRANS 1
STORAGE (
  INITIAL 65536 
  NEXT 1048576 
  MINEXTENTS 1
  MAXEXTENTS 2147483645
  BUFFER_POOL DEFAULT
)
PARALLEL 1
NOCACHE
DISABLE ROW MOVEMENT
;
COMMENT ON COLUMN "ALAIR"."SYS_CLIENT"."ID" IS '主键';
COMMENT ON COLUMN "ALAIR"."SYS_CLIENT"."CLIENT_ID" IS '客户端ID';
COMMENT ON COLUMN "ALAIR"."SYS_CLIENT"."CLIENT_SECRET" IS '客户端密钥';
COMMENT ON COLUMN "ALAIR"."SYS_CLIENT"."RESOURCE_IDS" IS '资源集合';
COMMENT ON COLUMN "ALAIR"."SYS_CLIENT"."SCOPE" IS '授权范围';
COMMENT ON COLUMN "ALAIR"."SYS_CLIENT"."AUTHORIZED_GRANT_TYPES" IS '授权类型';
COMMENT ON COLUMN "ALAIR"."SYS_CLIENT"."WEB_SERVER_REDIRECT_URI" IS '回调地址';
COMMENT ON COLUMN "ALAIR"."SYS_CLIENT"."AUTHORITIES" IS '权限';
COMMENT ON COLUMN "ALAIR"."SYS_CLIENT"."ACCESS_TOKEN_VALIDITY" IS '令牌过期秒数';
COMMENT ON COLUMN "ALAIR"."SYS_CLIENT"."REFRESH_TOKEN_VALIDITY" IS '刷新令牌过期秒数';
COMMENT ON COLUMN "ALAIR"."SYS_CLIENT"."ADDITIONAL_INFORMATION" IS '附加说明';
COMMENT ON COLUMN "ALAIR"."SYS_CLIENT"."AUTOAPPROVE" IS '自动授权';
COMMENT ON COLUMN "ALAIR"."SYS_CLIENT"."CREATE_USER" IS '创建人';
COMMENT ON COLUMN "ALAIR"."SYS_CLIENT"."CREATE_BY" IS '创建人名称';
COMMENT ON COLUMN "ALAIR"."SYS_CLIENT"."CREATE_TIME" IS '创建时间';
COMMENT ON COLUMN "ALAIR"."SYS_CLIENT"."UPDATE_USER" IS '修改人';
COMMENT ON COLUMN "ALAIR"."SYS_CLIENT"."UPDATE_TIME" IS '修改时间';
COMMENT ON COLUMN "ALAIR"."SYS_CLIENT"."STATUS" IS '状态';
COMMENT ON COLUMN "ALAIR"."SYS_CLIENT"."IS_DELETED" IS '是否已删除';
COMMENT ON TABLE "ALAIR"."SYS_CLIENT" IS '客户端表';

-- ----------------------------
-- Records of SYS_CLIENT
-- ----------------------------
INSERT INTO "ALAIR"."SYS_CLIENT" VALUES ('1123598811738675201', 'sword', 'sword_secret', NULL, 'all', 'refresh_token,password,authorization_code,captcha,social', 'http://localhost:8888', NULL, '3600', '604800', NULL, NULL, '1123598815738675201', 'admin', TO_TIMESTAMP('2019-03-24 10:40:55.000000', 'SYYYY-MM-DD HH24:MI:SS:FF6'), '1123598815738675201', TO_TIMESTAMP('2019-03-24 10:40:59.000000', 'SYYYY-MM-DD HH24:MI:SS:FF6'), '1', '0');
INSERT INTO "ALAIR"."SYS_CLIENT" VALUES ('1123598811738675202', 'saber', 'saber_secret', NULL, 'all', 'refresh_token,password,authorization_code,captcha,social', 'http://localhost:8080', NULL, '3600', '604800', NULL, NULL, '1123598815738675201', 'admin', TO_TIMESTAMP('2019-03-24 10:42:29.000000', 'SYYYY-MM-DD HH24:MI:SS:FF6'), '1123598815738675201', TO_TIMESTAMP('2019-03-24 10:42:32.000000', 'SYYYY-MM-DD HH24:MI:SS:FF6'), '1', '0');

-- ----------------------------
-- Table structure for SYS_DEPT
-- ----------------------------
DROP TABLE "ALAIR"."SYS_DEPT";
CREATE TABLE "ALAIR"."SYS_DEPT" (
  "ID" NUMBER(20,0) VISIBLE NOT NULL,
  "TENANT_ID" NVARCHAR2(12) VISIBLE,
  "PARENT_ID" NUMBER(20,0) VISIBLE,
  "ANCESTORS" NCLOB VISIBLE,
  "DEPT_NAME" NVARCHAR2(45) VISIBLE,
  "FULL_NAME" NVARCHAR2(45) VISIBLE,
  "SORT" NUMBER(11,0) VISIBLE,
  "REMARK" NVARCHAR2(255) VISIBLE,
  "IS_DELETED" NUMBER(11,0) VISIBLE
)
LOGGING
NOCOMPRESS
PCTFREE 10
INITRANS 1
STORAGE (
  INITIAL 65536 
  NEXT 1048576 
  MINEXTENTS 1
  MAXEXTENTS 2147483645
  BUFFER_POOL DEFAULT
)
PARALLEL 1
NOCACHE
DISABLE ROW MOVEMENT
;
COMMENT ON COLUMN "ALAIR"."SYS_DEPT"."ID" IS '主键';
COMMENT ON COLUMN "ALAIR"."SYS_DEPT"."TENANT_ID" IS '租户ID';
COMMENT ON COLUMN "ALAIR"."SYS_DEPT"."PARENT_ID" IS '父主键';
COMMENT ON COLUMN "ALAIR"."SYS_DEPT"."ANCESTORS" IS '祖级列表';
COMMENT ON COLUMN "ALAIR"."SYS_DEPT"."DEPT_NAME" IS '部门名';
COMMENT ON COLUMN "ALAIR"."SYS_DEPT"."FULL_NAME" IS '部门全称';
COMMENT ON COLUMN "ALAIR"."SYS_DEPT"."SORT" IS '排序';
COMMENT ON COLUMN "ALAIR"."SYS_DEPT"."REMARK" IS '备注';
COMMENT ON COLUMN "ALAIR"."SYS_DEPT"."IS_DELETED" IS '是否已删除';
COMMENT ON TABLE "ALAIR"."SYS_DEPT" IS '机构表';

-- ----------------------------
-- Records of SYS_DEPT
-- ----------------------------
INSERT INTO "ALAIR"."SYS_DEPT" VALUES ('1123598813738675201', '000000', '0', '0', '刀锋科技', '江苏刀锋科技有限公司', '1', NULL, '0');
INSERT INTO "ALAIR"."SYS_DEPT" VALUES ('1123598813738675202', '000000', '1123598813738675201', '0,1123598813738675201', '常州刀锋', '常州刀锋科技有限公司', '1', NULL, '0');
INSERT INTO "ALAIR"."SYS_DEPT" VALUES ('1123598813738675203', '000000', '1123598813738675201', '0,1123598813738675201', '苏州刀锋', '苏州刀锋科技有限公司', '1', NULL, '0');

-- ----------------------------
-- Table structure for SYS_DICT
-- ----------------------------
DROP TABLE "ALAIR"."SYS_DICT";
CREATE TABLE "ALAIR"."SYS_DICT" (
  "ID" NUMBER(20,0) VISIBLE NOT NULL,
  "PARENT_ID" NUMBER(20,0) VISIBLE,
  "CODE" NVARCHAR2(255) VISIBLE,
  "DICT_KEY" NVARCHAR2(255) VISIBLE,
  "DICT_VALUE" NVARCHAR2(255) VISIBLE,
  "SORT" NUMBER(11,0) VISIBLE,
  "REMARK" NVARCHAR2(255) VISIBLE,
  "IS_DELETED" NUMBER(11,0) VISIBLE
)
LOGGING
NOCOMPRESS
PCTFREE 10
INITRANS 1
STORAGE (
  INITIAL 65536 
  NEXT 1048576 
  MINEXTENTS 1
  MAXEXTENTS 2147483645
  BUFFER_POOL DEFAULT
)
PARALLEL 1
NOCACHE
DISABLE ROW MOVEMENT
;
COMMENT ON COLUMN "ALAIR"."SYS_DICT"."ID" IS '主键';
COMMENT ON COLUMN "ALAIR"."SYS_DICT"."PARENT_ID" IS '父主键';
COMMENT ON COLUMN "ALAIR"."SYS_DICT"."CODE" IS '字典码';
COMMENT ON COLUMN "ALAIR"."SYS_DICT"."DICT_KEY" IS '字典值';
COMMENT ON COLUMN "ALAIR"."SYS_DICT"."DICT_VALUE" IS '字典名称';
COMMENT ON COLUMN "ALAIR"."SYS_DICT"."SORT" IS '排序';
COMMENT ON COLUMN "ALAIR"."SYS_DICT"."REMARK" IS '字典备注';
COMMENT ON COLUMN "ALAIR"."SYS_DICT"."IS_DELETED" IS '是否已删除';
COMMENT ON TABLE "ALAIR"."SYS_DICT" IS '字典表';

-- ----------------------------
-- Records of SYS_DICT
-- ----------------------------
INSERT INTO "ALAIR"."SYS_DICT" VALUES ('1123598814738675201', '0', 'sex', '-1', '性别', '1', NULL, '0');
INSERT INTO "ALAIR"."SYS_DICT" VALUES ('1123598814738675202', '1123598814738675201', 'sex', '1', '男', '1', NULL, '0');
INSERT INTO "ALAIR"."SYS_DICT" VALUES ('1123598814738675203', '1123598814738675201', 'sex', '2', '女', '2', NULL, '0');
INSERT INTO "ALAIR"."SYS_DICT" VALUES ('1123598814738675204', '0', 'notice', '-1', '通知类型', '2', NULL, '0');
INSERT INTO "ALAIR"."SYS_DICT" VALUES ('1123598814738675205', '1123598814738675204', 'notice', '1', '发布通知', '1', NULL, '0');
INSERT INTO "ALAIR"."SYS_DICT" VALUES ('1123598814738675206', '1123598814738675204', 'notice', '2', '批转通知', '2', NULL, '0');
INSERT INTO "ALAIR"."SYS_DICT" VALUES ('1123598814738675207', '1123598814738675204', 'notice', '3', '转发通知', '3', NULL, '0');
INSERT INTO "ALAIR"."SYS_DICT" VALUES ('1123598814738675208', '1123598814738675204', 'notice', '4', '指示通知', '4', NULL, '0');
INSERT INTO "ALAIR"."SYS_DICT" VALUES ('1123598814738675209', '1123598814738675204', 'notice', '5', '任免通知', '5', NULL, '0');
INSERT INTO "ALAIR"."SYS_DICT" VALUES ('1123598814738675210', '1123598814738675204', 'notice', '6', '事务通知', '6', NULL, '0');
INSERT INTO "ALAIR"."SYS_DICT" VALUES ('1123598814738675211', '0', 'menu_category', '-1', '菜单类型', '3', NULL, '0');
INSERT INTO "ALAIR"."SYS_DICT" VALUES ('1123598814738675212', '1123598814738675211', 'menu_category', '1', '菜单', '1', NULL, '0');
INSERT INTO "ALAIR"."SYS_DICT" VALUES ('1123598814738675213', '1123598814738675211', 'menu_category', '2', '按钮', '2', NULL, '0');
INSERT INTO "ALAIR"."SYS_DICT" VALUES ('1123598814738675214', '0', 'button_func', '-1', '按钮功能', '4', NULL, '0');
INSERT INTO "ALAIR"."SYS_DICT" VALUES ('1123598814738675215', '1123598814738675214', 'button_func', '1', '工具栏', '1', NULL, '0');
INSERT INTO "ALAIR"."SYS_DICT" VALUES ('1123598814738675216', '1123598814738675214', 'button_func', '2', '操作栏', '2', NULL, '0');
INSERT INTO "ALAIR"."SYS_DICT" VALUES ('1123598814738675217', '1123598814738675214', 'button_func', '3', '工具操作栏', '3', NULL, '0');
INSERT INTO "ALAIR"."SYS_DICT" VALUES ('1123598814738675218', '0', 'yes_no', '-1', '是否', '5', NULL, '0');
INSERT INTO "ALAIR"."SYS_DICT" VALUES ('1123598814738675219', '1123598814738675218', 'yes_no', '1', '否', '1', NULL, '0');
INSERT INTO "ALAIR"."SYS_DICT" VALUES ('1123598814738675220', '1123598814738675218', 'yes_no', '2', '是', '2', NULL, '0');
INSERT INTO "ALAIR"."SYS_DICT" VALUES ('1123598814738675221', '0', 'flow', '-1', '流程类型', '5', NULL, '0');
INSERT INTO "ALAIR"."SYS_DICT" VALUES ('1123598814738675222', '1123598814738675221', 'flow', '1', '请假流程', '1', 'leave', '0');
INSERT INTO "ALAIR"."SYS_DICT" VALUES ('1123598814738675223', '1123598814738675221', 'flow', '2', '报销流程', '2', 'expense', '0');
INSERT INTO "ALAIR"."SYS_DICT" VALUES ('1123598814738675227', '0', 'org_category', '-1', '机构类型', '7', NULL, '0');
INSERT INTO "ALAIR"."SYS_DICT" VALUES ('1123598814738675228', '1123598814738675227', 'org_category', '1', '公司', '1', NULL, '0');
INSERT INTO "ALAIR"."SYS_DICT" VALUES ('1123598814738675229', '1123598814738675227', 'org_category', '2', '部门', '2', NULL, '0');
INSERT INTO "ALAIR"."SYS_DICT" VALUES ('1123598814738675230', '1123598814738675227', 'org_category', '3', '小组', '3', NULL, '0');
INSERT INTO "ALAIR"."SYS_DICT" VALUES ('1123598814738675231', '0', 'data_scope_type', '-1', '数据权限', '8', NULL, '0');
INSERT INTO "ALAIR"."SYS_DICT" VALUES ('1123598814738675232', '1123598814738675231', 'data_scope_type', '1', '全部可见', '1', NULL, '0');
INSERT INTO "ALAIR"."SYS_DICT" VALUES ('1123598814738675233', '1123598814738675231', 'data_scope_type', '2', '本人可见', '2', NULL, '0');
INSERT INTO "ALAIR"."SYS_DICT" VALUES ('1123598814738675234', '1123598814738675231', 'data_scope_type', '3', '所在机构可见', '3', NULL, '0');
INSERT INTO "ALAIR"."SYS_DICT" VALUES ('1123598814738675235', '1123598814738675231', 'data_scope_type', '4', '所在机构及子级可见', '4', NULL, '0');
INSERT INTO "ALAIR"."SYS_DICT" VALUES ('1123598814738675236', '1123598814738675231', 'data_scope_type', '5', '自定义', '5', NULL, '0');
INSERT INTO "ALAIR"."SYS_DICT" VALUES ('1123598814738675237', '0', 'api_scope_type', '-1', '接口权限', '10', NULL, '0');
INSERT INTO "ALAIR"."SYS_DICT" VALUES ('1123598814738675238', '1123598814738675237', 'api_scope_type', '1', '系统接口', '1', NULL, '0');
INSERT INTO "ALAIR"."SYS_DICT" VALUES ('1123598814738675239', '1123598814738675237', 'api_scope_type', '2', '业务接口', '2', NULL, '0');
INSERT INTO "ALAIR"."SYS_DICT" VALUES ('1123598814738675240', '0', 'scope_category', '-1', '权限类型', '10', NULL, '0');
INSERT INTO "ALAIR"."SYS_DICT" VALUES ('1123598814738675241', '1123598814738675240', 'scope_category', '1', '数据权限', '1', NULL, '0');
INSERT INTO "ALAIR"."SYS_DICT" VALUES ('1123598814738675242', '1123598814738675240', 'scope_category', '2', '接口权限', '2', NULL, '0');
INSERT INTO "ALAIR"."SYS_DICT" VALUES ('1123598814738676224', '0', 'oss', '-1', '对象存储类型', '6', NULL, '0');
INSERT INTO "ALAIR"."SYS_DICT" VALUES ('1123598814738676225', '1123598814738676224', 'oss', '1', 'minio', '1', NULL, '0');
INSERT INTO "ALAIR"."SYS_DICT" VALUES ('1123598814738676226', '1123598814738676224', 'oss', '2', 'qiniu', '2', NULL, '0');
INSERT INTO "ALAIR"."SYS_DICT" VALUES ('1123598814738676227', '1123598814738676224', 'oss', '3', 'ali', '3', NULL, '0');
INSERT INTO "ALAIR"."SYS_DICT" VALUES ('1123598814738676228', '1123598814738676224', 'oss', '4', 'tencent', '4', NULL, '0');
INSERT INTO "ALAIR"."SYS_DICT" VALUES ('1123598814738677220', '0', 'sms', '-1', '短信服务类型', '11', NULL, '0');
INSERT INTO "ALAIR"."SYS_DICT" VALUES ('1123598814738677221', '1123598814738677220', 'sms', '1', 'yunpian', '1', NULL, '0');
INSERT INTO "ALAIR"."SYS_DICT" VALUES ('1123598814738677222', '1123598814738677220', 'sms', '2', 'qiniu', '2', NULL, '0');
INSERT INTO "ALAIR"."SYS_DICT" VALUES ('1123598814738677223', '1123598814738677220', 'sms', '3', 'ali', '3', NULL, '0');
INSERT INTO "ALAIR"."SYS_DICT" VALUES ('1123598814738677224', '1123598814738677220', 'sms', '4', 'tencent', '4', NULL, '0');
INSERT INTO "ALAIR"."SYS_DICT" VALUES ('1123598814738777220', '0', 'post_category', '-1', '岗位类型', '12', NULL, '0');
INSERT INTO "ALAIR"."SYS_DICT" VALUES ('1123598814738777221', '1123598814738777220', 'post_category', '1', '高层', '1', NULL, '0');
INSERT INTO "ALAIR"."SYS_DICT" VALUES ('1123598814738777222', '1123598814738777220', 'post_category', '2', '中层', '2', NULL, '0');
INSERT INTO "ALAIR"."SYS_DICT" VALUES ('1123598814738777223', '1123598814738777220', 'post_category', '3', '基层', '3', NULL, '0');
INSERT INTO "ALAIR"."SYS_DICT" VALUES ('1123598814738777224', '1123598814738777220', 'post_category', '4', '其他', '4', NULL, '0');
INSERT INTO "ALAIR"."SYS_DICT" VALUES ('1123598814738777230', '0', 'region', '-1', '行政区划', '13', NULL, '0');
INSERT INTO "ALAIR"."SYS_DICT" VALUES ('1123598814738777231', '1123598814738777230', 'region', '0', '国家', '0', NULL, '0');
INSERT INTO "ALAIR"."SYS_DICT" VALUES ('1123598814738777232', '1123598814738777230', 'region', '1', '省份/直辖市', '1', NULL, '0');
INSERT INTO "ALAIR"."SYS_DICT" VALUES ('1123598814738777233', '1123598814738777230', 'region', '2', '地市', '2', NULL, '0');
INSERT INTO "ALAIR"."SYS_DICT" VALUES ('1123598814738777234', '1123598814738777230', 'region', '3', '区县', '3', NULL, '0');
INSERT INTO "ALAIR"."SYS_DICT" VALUES ('1123598814738777235', '1123598814738777230', 'region', '4', '乡镇', '4', NULL, '0');
INSERT INTO "ALAIR"."SYS_DICT" VALUES ('1123598814738777236', '1123598814738777230', 'region', '5', '村委', '5', NULL, '0');
INSERT INTO "ALAIR"."SYS_DICT" VALUES ('1123598814738778200', '0', 'user_type', '-1', '用户平台', '14', NULL, '0');
INSERT INTO "ALAIR"."SYS_DICT" VALUES ('1123598814738778201', '1123598814738778200', 'user_type', '1', 'WEB', '1', NULL, '0');
INSERT INTO "ALAIR"."SYS_DICT" VALUES ('1123598814738778202', '1123598814738778200', 'user_type', '2', 'APP', '2', NULL, '0');
INSERT INTO "ALAIR"."SYS_DICT" VALUES ('1123598814738778203', '1123598814738778200', 'user_type', '3', 'OTHER', '3', NULL, '0');

-- ----------------------------
-- Table structure for SYS_LOG_DATACHANGE
-- ----------------------------
DROP TABLE "ALAIR"."SYS_LOG_DATACHANGE";
CREATE TABLE "ALAIR"."SYS_LOG_DATACHANGE" (
  "ID" NUMBER(20,0) VISIBLE NOT NULL,
  "TENANT_ID" NVARCHAR2(12) VISIBLE,
  "OPERATION_TYPE" NVARCHAR2(200) VISIBLE,
  "MOUDLE" NVARCHAR2(100) VISIBLE,
  "TAG" NVARCHAR2(100) VISIBLE,
  "NOTE" NVARCHAR2(512) VISIBLE,
  "IP" NVARCHAR2(40) VISIBLE,
  "OLD_DATA" NCLOB VISIBLE,
  "NEW_DATA" NCLOB VISIBLE,
  "DATA_DIFF" NCLOB VISIBLE,
  "CREATE_DEPT" NVARCHAR2(64) VISIBLE,
  "CREATE_BY" NVARCHAR2(64) VISIBLE,
  "CREATE_TIME" TIMESTAMP(6) VISIBLE
)
LOGGING
NOCOMPRESS
PCTFREE 10
INITRANS 1
STORAGE (
  INITIAL 65536 
  NEXT 1048576 
  MINEXTENTS 1
  MAXEXTENTS 2147483645
  BUFFER_POOL DEFAULT
)
PARALLEL 1
NOCACHE
DISABLE ROW MOVEMENT
;
COMMENT ON COLUMN "ALAIR"."SYS_LOG_DATACHANGE"."ID" IS '编号';
COMMENT ON COLUMN "ALAIR"."SYS_LOG_DATACHANGE"."TENANT_ID" IS '租户ID';
COMMENT ON COLUMN "ALAIR"."SYS_LOG_DATACHANGE"."OPERATION_TYPE" IS '操作类型';
COMMENT ON COLUMN "ALAIR"."SYS_LOG_DATACHANGE"."MOUDLE" IS '模块';
COMMENT ON COLUMN "ALAIR"."SYS_LOG_DATACHANGE"."TAG" IS '标签';
COMMENT ON COLUMN "ALAIR"."SYS_LOG_DATACHANGE"."NOTE" IS '描述';
COMMENT ON COLUMN "ALAIR"."SYS_LOG_DATACHANGE"."IP" IS 'ip';
COMMENT ON COLUMN "ALAIR"."SYS_LOG_DATACHANGE"."OLD_DATA" IS '操作前数据';
COMMENT ON COLUMN "ALAIR"."SYS_LOG_DATACHANGE"."NEW_DATA" IS '操作后数据';
COMMENT ON COLUMN "ALAIR"."SYS_LOG_DATACHANGE"."DATA_DIFF" IS '数据差异';
COMMENT ON COLUMN "ALAIR"."SYS_LOG_DATACHANGE"."CREATE_DEPT" IS '操作部门';
COMMENT ON COLUMN "ALAIR"."SYS_LOG_DATACHANGE"."CREATE_BY" IS '创建者';
COMMENT ON COLUMN "ALAIR"."SYS_LOG_DATACHANGE"."CREATE_TIME" IS '创建时间';
COMMENT ON TABLE "ALAIR"."SYS_LOG_DATACHANGE" IS '操作日志表';

-- ----------------------------
-- Records of SYS_LOG_DATACHANGE
-- ----------------------------

-- ----------------------------
-- Table structure for SYS_MENU
-- ----------------------------
DROP TABLE "ALAIR"."SYS_MENU";
CREATE TABLE "ALAIR"."SYS_MENU" (
  "ID" NUMBER(20,0) VISIBLE NOT NULL,
  "PARENT_ID" NUMBER(20,0) VISIBLE,
  "CODE" NVARCHAR2(255) VISIBLE,
  "NAME" NVARCHAR2(255) VISIBLE,
  "ALIAS" NVARCHAR2(255) VISIBLE,
  "PATH" NVARCHAR2(255) VISIBLE,
  "SOURCE" NVARCHAR2(255) VISIBLE,
  "SORT" NUMBER(11,0) VISIBLE,
  "CATEGORY" NUMBER(11,0) VISIBLE,
  "ACTION" NUMBER(11,0) VISIBLE,
  "IS_OPEN" NUMBER(11,0) VISIBLE,
  "REMARK" NVARCHAR2(255) VISIBLE,
  "IS_DELETED" NUMBER(11,0) VISIBLE
)
LOGGING
NOCOMPRESS
PCTFREE 10
INITRANS 1
STORAGE (
  INITIAL 65536 
  NEXT 1048576 
  MINEXTENTS 1
  MAXEXTENTS 2147483645
  BUFFER_POOL DEFAULT
)
PARALLEL 1
NOCACHE
DISABLE ROW MOVEMENT
;
COMMENT ON COLUMN "ALAIR"."SYS_MENU"."ID" IS '主键';
COMMENT ON COLUMN "ALAIR"."SYS_MENU"."PARENT_ID" IS '父级菜单';
COMMENT ON COLUMN "ALAIR"."SYS_MENU"."CODE" IS '菜单编号';
COMMENT ON COLUMN "ALAIR"."SYS_MENU"."NAME" IS '菜单名称';
COMMENT ON COLUMN "ALAIR"."SYS_MENU"."ALIAS" IS '菜单别名';
COMMENT ON COLUMN "ALAIR"."SYS_MENU"."PATH" IS '请求地址';
COMMENT ON COLUMN "ALAIR"."SYS_MENU"."SOURCE" IS '菜单资源';
COMMENT ON COLUMN "ALAIR"."SYS_MENU"."SORT" IS '排序';
COMMENT ON COLUMN "ALAIR"."SYS_MENU"."CATEGORY" IS '菜单类型';
COMMENT ON COLUMN "ALAIR"."SYS_MENU"."ACTION" IS '操作按钮类型';
COMMENT ON COLUMN "ALAIR"."SYS_MENU"."IS_OPEN" IS '是否打开新页面';
COMMENT ON COLUMN "ALAIR"."SYS_MENU"."REMARK" IS '备注';
COMMENT ON COLUMN "ALAIR"."SYS_MENU"."IS_DELETED" IS '是否已删除';
COMMENT ON TABLE "ALAIR"."SYS_MENU" IS '菜单表';

-- ----------------------------
-- Records of SYS_MENU
-- ----------------------------
INSERT INTO "ALAIR"."SYS_MENU" VALUES ('1123598815738675277', '1123598815738675274', 'flow_manager_remove', '删除', 'remove', NULL, 'delete', '3', '2', '3', '1', NULL, '0');
INSERT INTO "ALAIR"."SYS_MENU" VALUES ('1123598815738675278', '1123598815738675266', 'flow_follow', '流程跟踪', 'menu', '/flow/follow', 'iconfont iconicon_GPS', '4', '1', '0', '1', NULL, '0');
INSERT INTO "ALAIR"."SYS_MENU" VALUES ('1123598815738675279', '1123598815738675278', 'flow_follow_delete', '删除', 'remove', NULL, 'remove', '1', '2', '2', '1', NULL, '0');
INSERT INTO "ALAIR"."SYS_MENU" VALUES ('1123598815738675280', '0', 'work', '我的事务', 'menu', '/work', 'iconfont iconicon_notice', '2', '1', '0', '1', NULL, '0');
INSERT INTO "ALAIR"."SYS_MENU" VALUES ('1123598815738675281', '1123598815738675280', 'work_start', '发起事务', 'menu', '/work/start', 'iconfont iconicon_compile', '1', '1', '0', '1', NULL, '0');
INSERT INTO "ALAIR"."SYS_MENU" VALUES ('1123598815738675282', '1123598815738675281', 'work_start_flow', '发起', 'flow', NULL, 'flow', '1', '2', '2', '1', NULL, '0');
INSERT INTO "ALAIR"."SYS_MENU" VALUES ('1123598815738675283', '1123598815738675281', 'work_start_image', '流程图', 'image', NULL, 'image', '2', '2', '2', '1', NULL, '0');
INSERT INTO "ALAIR"."SYS_MENU" VALUES ('1164733399669962301', '0', 'report', '报表管理', 'menu', '/report', 'iconfont icon-shujuzhanshi2', '5', '1', '0', '1', NULL, '0');
INSERT INTO "ALAIR"."SYS_MENU" VALUES ('1164733399669962302', '1164733399669962301', 'report_setting', '报表配置', 'menu', 'http://localhost:8108/ureport/designer', 'iconfont icon-rizhi', '1', '1', '0', '1', NULL, '0');
INSERT INTO "ALAIR"."SYS_MENU" VALUES ('1164733399669962303', '1164733399669962301', 'report_list', '报表列表', 'menu', '/report/reportlist', 'iconfont icon-biaodan', '2', '1', '0', '1', NULL, '0');
INSERT INTO "ALAIR"."SYS_MENU" VALUES ('1164733399669962304', '1164733399669962301', 'report_notice', '公告报表', 'menu', 'http://localhost:8108/ureport/preview?_u=blade-notice.ureport.xml', 'iconfont iconicon_sms', '3', '1', '0', '1', NULL, '0');
INSERT INTO "ALAIR"."SYS_MENU" VALUES ('1123598815738675284', '1123598815738675280', 'work_claim', '待签事务', 'menu', '/work/claim', 'iconfont iconicon_ding', '2', '1', '0', '1', NULL, '0');
INSERT INTO "ALAIR"."SYS_MENU" VALUES ('1123598815738675285', '1123598815738675284', 'work_claim_sign', '签收', 'sign', NULL, 'sign', '1', '2', '2', '1', NULL, '0');
INSERT INTO "ALAIR"."SYS_MENU" VALUES ('1123598815738675286', '1123598815738675284', 'work_claim_detail', '详情', 'detail', NULL, 'detail', '2', '2', '2', '1', NULL, '0');
INSERT INTO "ALAIR"."SYS_MENU" VALUES ('1123598815738675287', '1123598815738675284', 'work_claim_follow', '跟踪', 'follow', NULL, 'follow', '3', '2', '2', '1', NULL, '0');
INSERT INTO "ALAIR"."SYS_MENU" VALUES ('1123598815738675288', '1123598815738675280', 'work_todo', '待办事务', 'menu', '/work/todo', 'iconfont iconicon_savememo', '2', '1', '0', '1', NULL, '0');
INSERT INTO "ALAIR"."SYS_MENU" VALUES ('1123598815738675289', '1123598815738675288', 'work_todo_handle', '办理', 'handle', NULL, 'handle', '1', '2', '2', '1', NULL, '0');
INSERT INTO "ALAIR"."SYS_MENU" VALUES ('1123598815738675290', '1123598815738675288', 'work_todo_detail', '详情', 'detail', NULL, 'detail', '2', '2', '2', '1', NULL, '0');
INSERT INTO "ALAIR"."SYS_MENU" VALUES ('1123598815738675291', '1123598815738675288', 'work_todo_follow', '跟踪', 'follow', NULL, 'follow', '3', '2', '2', '1', NULL, '0');
INSERT INTO "ALAIR"."SYS_MENU" VALUES ('1123598815738675292', '1123598815738675280', 'work_send', '已发事务', 'menu', '/work/send', 'iconfont iconicon_doc', '3', '1', '0', '1', NULL, '0');
INSERT INTO "ALAIR"."SYS_MENU" VALUES ('1123598815738675293', '1123598815738675292', 'work_send_detail', '详情', 'detail', NULL, 'detail', '1', '2', '2', '1', NULL, '0');
INSERT INTO "ALAIR"."SYS_MENU" VALUES ('1123598815738675294', '1123598815738675292', 'work_send_follow', '跟踪', 'follow', NULL, 'follow', '2', '2', '2', '1', NULL, '0');
INSERT INTO "ALAIR"."SYS_MENU" VALUES ('1123598815738675295', '1123598815738675280', 'work_done', '办结事务', 'menu', '/work/done', 'iconfont iconicon_dispose', '4', '1', '0', '1', NULL, '0');
INSERT INTO "ALAIR"."SYS_MENU" VALUES ('1123598815738675296', '1123598815738675295', 'work_done_detail', '详情', 'detail', NULL, 'detail', '1', '2', '2', '1', NULL, '0');
INSERT INTO "ALAIR"."SYS_MENU" VALUES ('1123598815738675297', '1123598815738675295', 'work_done_follow', '跟踪', 'follow', NULL, 'follow', '2', '2', '2', '1', NULL, '0');
INSERT INTO "ALAIR"."SYS_MENU" VALUES ('1123598815738675298', '0', 'resource', '资源管理', 'menu', '/resource', 'iconfont iconicon_coinpurse_line', '6', '1', '0', '1', NULL, '0');
INSERT INTO "ALAIR"."SYS_MENU" VALUES ('1123598815738675299', '1123598815738675298', 'oss', '对象存储', 'menu', '/resource/oss', 'iconfont iconicon_subordinate', '1', '1', '0', '1', NULL, '0');
INSERT INTO "ALAIR"."SYS_MENU" VALUES ('1123598815738675301', '1123598815738675299', 'oss_add', '新增', 'add', '/resource/oss/add', 'plus', '1', '2', '1', '1', NULL, '0');
INSERT INTO "ALAIR"."SYS_MENU" VALUES ('1123598815738675302', '1123598815738675299', 'oss_edit', '修改', 'edit', '/resource/oss/edit', 'form', '2', '2', '2', '1', NULL, '0');
INSERT INTO "ALAIR"."SYS_MENU" VALUES ('1123598815738675303', '1123598815738675299', 'oss_delete', '删除', 'delete', '/api/blade-resource/oss/remove', 'delete', '3', '2', '3', '1', NULL, '0');
INSERT INTO "ALAIR"."SYS_MENU" VALUES ('1123598815738675304', '1123598815738675299', 'oss_view', '查看', 'view', '/resource/oss/view', 'file-text', '4', '2', '2', '1', NULL, '0');
INSERT INTO "ALAIR"."SYS_MENU" VALUES ('1123598815738675305', '1123598815738675299', 'oss_enable', '启用', 'enable', '/api/blade-resource/oss/enable', 'key', '5', '2', '2', '1', NULL, '0');
INSERT INTO "ALAIR"."SYS_MENU" VALUES ('1123598815738675307', '0', 'authority', '权限管理', 'menu', '/authority', 'iconfont icon-bofangqi-suoping', '98', '1', '0', '1', NULL, '0');
INSERT INTO "ALAIR"."SYS_MENU" VALUES ('1123598815738675308', '1123598815738675307', 'role', '角色管理', 'menu', '/authority/role', 'iconfont iconicon_boss', '1', '1', '0', '1', NULL, '0');
INSERT INTO "ALAIR"."SYS_MENU" VALUES ('1123598815738675309', '1123598815738675307', 'data_scope', '数据权限', 'menu', '/authority/datascope', 'iconfont icon-shujuzhanshi2', '2', '1', '0', '1', NULL, '0');
INSERT INTO "ALAIR"."SYS_MENU" VALUES ('1164733389658962251', '1123598815738675298', 'sms', '短信配置', 'menu', '/resource/sms', 'iconfont iconicon_message', '3', '1', '0', '1', NULL, '0');
INSERT INTO "ALAIR"."SYS_MENU" VALUES ('1164733389658962252', '1164733389658962251', 'sms_add', '新增', 'add', '/resource/sms/add', 'plus', '1', '2', '1', '1', NULL, '0');
INSERT INTO "ALAIR"."SYS_MENU" VALUES ('1164733389658962253', '1164733389658962251', 'sms_edit', '修改', 'edit', '/resource/sms/edit', 'form', '2', '2', '2', '1', NULL, '0');
INSERT INTO "ALAIR"."SYS_MENU" VALUES ('1164733389658962254', '1164733389658962251', 'sms_delete', '删除', 'delete', '/api/blade-resource/sms/remove', 'delete', '3', '2', '3', '1', NULL, '0');
INSERT INTO "ALAIR"."SYS_MENU" VALUES ('1164733389658962255', '1164733389658962251', 'sms_view', '查看', 'view', '/resource/sms/view', 'file-text', '4', '2', '2', '1', NULL, '0');
INSERT INTO "ALAIR"."SYS_MENU" VALUES ('1164733389658962256', '1164733389658962251', 'sms_enable', '启用', 'enable', '/api/blade-resource/sms/enable', 'key', '5', '2', '2', '1', NULL, '0');
INSERT INTO "ALAIR"."SYS_MENU" VALUES ('1123598815738675310', '1123598815738675309', 'data_scope_setting', '权限配置', 'setting', NULL, 'setting', '1', '2', '2', '1', NULL, '0');
INSERT INTO "ALAIR"."SYS_MENU" VALUES ('1123598815738675311', '1123598815738675307', 'api_scope', '接口权限', 'menu', '/authority/apiscope', 'iconfont icon-iconset0216', '3', '1', '0', '1', NULL, '0');
INSERT INTO "ALAIR"."SYS_MENU" VALUES ('1123598815738675312', '1123598815738675311', 'api_scope_setting', '权限配置', 'setting', NULL, 'setting', '1', '2', '2', '1', NULL, '0');
INSERT INTO "ALAIR"."SYS_MENU" VALUES ('1123598815738675313', '1123598815738675208', 'topmenu_add', '新增', 'add', '/system/topmenu/add', 'plus', '1', '2', '1', '1', NULL, '0');
INSERT INTO "ALAIR"."SYS_MENU" VALUES ('1123598815738675314', '1123598815738675208', 'topmenu_edit', '修改', 'edit', '/system/topmenu/edit', 'form', '2', '2', '2', '1', NULL, '0');
INSERT INTO "ALAIR"."SYS_MENU" VALUES ('1123598815738675315', '1123598815738675208', 'topmenu_delete', '删除', 'delete', '/api/blade-system/topmenu/remove', 'delete', '3', '2', '3', '1', NULL, '0');
INSERT INTO "ALAIR"."SYS_MENU" VALUES ('1123598815738675316', '1123598815738675208', 'topmenu_view', '查看', 'view', '/system/topmenu/view', 'file-text', '4', '2', '2', '1', NULL, '0');
INSERT INTO "ALAIR"."SYS_MENU" VALUES ('1123598815738675317', '1123598815738675208', 'topmenu_setting', '菜单配置', 'setting', NULL, 'setting', '5', '2', '1', '1', NULL, '0');
INSERT INTO "ALAIR"."SYS_MENU" VALUES ('1161272593873321991', '1123598815738675217', 'datasource', '数据源管理', 'menu', '/tool/datasource', 'iconfont icon-caidanguanli', '2', '1', '0', '1', NULL, '0');
INSERT INTO "ALAIR"."SYS_MENU" VALUES ('1161272593873321992', '1161272593873321991', 'datasource_add', '新增', 'add', '/tool/datasource/add', 'plus', '1', '2', '1', '1', NULL, '0');
INSERT INTO "ALAIR"."SYS_MENU" VALUES ('1161272593873321993', '1161272593873321991', 'datasource_edit', '修改', 'edit', '/tool/datasource/edit', 'form', '2', '2', '2', '1', NULL, '0');
INSERT INTO "ALAIR"."SYS_MENU" VALUES ('1161272593873321994', '1161272593873321991', 'datasource_delete', '删除', 'delete', '/api/blade-develop/datasource/remove', 'delete', '3', '2', '3', '1', NULL, '0');
INSERT INTO "ALAIR"."SYS_MENU" VALUES ('1161272593873321995', '1161272593873321991', 'datasource_view', '查看', 'view', '/tool/datasource/view', 'file-text', '4', '2', '2', '1', NULL, '0');
INSERT INTO "ALAIR"."SYS_MENU" VALUES ('1164733121140551682', '1123598815738675217', 'form', '表单设计', 'form', 'https://form.avuejs.com/', 'iconfont iconicon_compile', '3', '1', '0', '1', NULL, '0');
INSERT INTO "ALAIR"."SYS_MENU" VALUES ('1164733349637844993', '1123598815738675217', 'crud', '表格设计', 'crud', 'https://crud.avuejs.com/', 'iconfont iconicon_work', '4', '1', '0', '1', NULL, '0');
INSERT INTO "ALAIR"."SYS_MENU" VALUES ('1164733369658963251', '1123598815738675210', 'elk', 'ELK监控', 'menu', 'http://localhost:5601/', 'iconfont iconicon_cspace', '3', '1', '0', '1', NULL, '0');
INSERT INTO "ALAIR"."SYS_MENU" VALUES ('1164733399669962201', '1123598815738675298', 'attach', '附件管理', 'menu', '/resource/attach', 'iconfont iconicon_ding', '2', '1', '0', '1', NULL, '0');
INSERT INTO "ALAIR"."SYS_MENU" VALUES ('1164733399669962202', '1164733399669962201', 'attach_upload', '上传', 'upload', '/resource/attach/upload', NULL, '1', '2', '1', '1', NULL, '0');
INSERT INTO "ALAIR"."SYS_MENU" VALUES ('1164733399669962203', '1164733399669962201', 'attach_download', '下载', 'download', '/resource/attach/download', NULL, '2', '2', '2', '1', NULL, '0');
INSERT INTO "ALAIR"."SYS_MENU" VALUES ('1164733399669962204', '1164733399669962201', 'attach_delete', '删除', 'delete', '/api/blade-resource/attach/remove', NULL, '3', '2', '3', '1', NULL, '0');
INSERT INTO "ALAIR"."SYS_MENU" VALUES ('1164733369658963252', '1123598815738675210', 'zipkin', 'Zipkin监控', 'menu', 'http://localhost:9411/', 'iconfont iconicon_task', '4', '1', '0', '1', NULL, '0');
INSERT INTO "ALAIR"."SYS_MENU" VALUES ('1164733369658963253', '1123598815738675210', 'turbine', 'Turbine监控', 'menu', 'http://localhost:7003/hystrix', 'iconfont iconicon_subordinate', '5', '1', '0', '1', NULL, '0');
INSERT INTO "ALAIR"."SYS_MENU" VALUES ('1164733369658963254', '1123598815738675210', 'sentinel', 'Sentinel管理', 'menu', 'http://localhost:8858', 'iconfont iconicon_safety', '6', '1', '0', '1', NULL, '0');
INSERT INTO "ALAIR"."SYS_MENU" VALUES ('1164733369658963255', '1123598815738675210', 'es', 'Elasticsearch管理', 'menu', 'http://localhost:9100/', 'iconfont iconfont iconicon_search', '7', '1', '0', '1', NULL, '0');
INSERT INTO "ALAIR"."SYS_MENU" VALUES ('1164733379658963251', '1123598815738675203', 'dictbiz', '业务字典', 'menu', '/system/dictbiz', 'iconfont iconicon_study', '5', '1', '0', '1', NULL, '0');
INSERT INTO "ALAIR"."SYS_MENU" VALUES ('1164733379658963252', '1164733379658963251', 'dictbiz_add', '新增', 'add', '/system/dictbiz/add', 'plus', '1', '2', '1', '1', NULL, '0');
INSERT INTO "ALAIR"."SYS_MENU" VALUES ('1164733379658963253', '1164733379658963251', 'dictbiz_edit', '修改', 'edit', '/system/dictbiz/edit', 'form', '2', '2', '2', '1', NULL, '0');
INSERT INTO "ALAIR"."SYS_MENU" VALUES ('1164733379658963254', '1164733379658963251', 'dictbiz_delete', '删除', 'delete', '/api/blade-system/dict-biz/remove', 'delete', '3', '2', '3', '1', NULL, '0');
INSERT INTO "ALAIR"."SYS_MENU" VALUES ('1164733379658963255', '1164733379658963251', 'dictbiz_view', '查看', 'view', '/system/dictbiz/view', 'file-text', '4', '2', '2', '1', NULL, '0');
INSERT INTO "ALAIR"."SYS_MENU" VALUES ('1164733389658963251', '1123598815738675298', 'xxljob', '任务调度', 'menu', 'http://localhost:7009/xxl-job-admin', 'iconfont iconicon_cspace', '5', '1', '0', '1', NULL, '0');
INSERT INTO "ALAIR"."SYS_MENU" VALUES ('1123598815738675201', '0', 'desk', '工作台', 'menu', '/desk', 'iconfont iconicon_airplay', '1', '1', '0', '1', NULL, '0');
INSERT INTO "ALAIR"."SYS_MENU" VALUES ('1123598815738675202', '1123598815738675201', 'notice', '通知公告', 'menu', '/desk/notice', 'iconfont iconicon_sms', '1', '1', '0', '1', NULL, '0');
INSERT INTO "ALAIR"."SYS_MENU" VALUES ('1123598815738675203', '0', 'system', '系统管理', 'menu', '/system', 'iconfont iconicon_setting', '99', '1', '0', '1', NULL, '0');
INSERT INTO "ALAIR"."SYS_MENU" VALUES ('1123598815738675204', '1123598815738675203', 'user', '用户管理', 'menu', '/system/user', 'iconfont iconicon_principal', '1', '1', '0', '1', NULL, '0');
INSERT INTO "ALAIR"."SYS_MENU" VALUES ('1123598815738675205', '1123598815738675203', 'dept', '机构管理', 'menu', '/system/dept', 'iconfont iconicon_group', '2', '1', '0', '1', NULL, '0');
INSERT INTO "ALAIR"."SYS_MENU" VALUES ('1123598815738675206', '1123598815738675203', 'dict', '系统字典', 'menu', '/system/dict', 'iconfont iconicon_addresslist', '4', '1', '0', '1', NULL, '0');
INSERT INTO "ALAIR"."SYS_MENU" VALUES ('1123598815738675207', '1123598815738675203', 'menu', '菜单管理', 'menu', '/system/menu', 'iconfont iconicon_subordinate', '6', '1', '0', '1', NULL, '0');
INSERT INTO "ALAIR"."SYS_MENU" VALUES ('1123598815738675208', '1123598815738675203', 'topmenu', '顶部菜单', 'menu', '/system/topmenu', 'iconfont icon-canshu', '7', '1', '0', '1', NULL, '0');
INSERT INTO "ALAIR"."SYS_MENU" VALUES ('1123598815738675209', '1123598815738675203', 'param', '参数管理', 'menu', '/system/param', 'iconfont iconicon_community_line', '8', '1', '0', '1', NULL, '0');
INSERT INTO "ALAIR"."SYS_MENU" VALUES ('1123598815738675210', '0', 'monitor', '系统监控', 'menu', '/monitor', 'iconfont icon-yanzhengma', '3', '1', '0', '1', NULL, '0');
INSERT INTO "ALAIR"."SYS_MENU" VALUES ('1123598815738675211', '1123598815738675210', 'doc', '接口文档', 'menu', 'http://localhost/doc.html', 'iconfont iconicon_study', '1', '1', '0', '1', NULL, '0');
INSERT INTO "ALAIR"."SYS_MENU" VALUES ('1123598815738675212', '1123598815738675210', 'admin', '服务治理', 'menu', 'http://localhost:7002', 'iconfont icon-canshu', '2', '1', '0', '1', NULL, '0');
INSERT INTO "ALAIR"."SYS_MENU" VALUES ('1123598815738675213', '1123598815738675210', 'log', '日志管理', 'menu', '/monitor/log', 'iconfont iconicon_doc', '8', '1', '0', '1', NULL, '0');
INSERT INTO "ALAIR"."SYS_MENU" VALUES ('1123598815738675214', '1123598815738675213', 'log_usual', '通用日志', 'menu', '/monitor/log/usual', NULL, '1', '1', '0', '1', NULL, '0');
INSERT INTO "ALAIR"."SYS_MENU" VALUES ('1123598815738675215', '1123598815738675213', 'log_api', '接口日志', 'menu', '/monitor/log/api', NULL, '2', '1', '0', '1', NULL, '0');
INSERT INTO "ALAIR"."SYS_MENU" VALUES ('1123598815738675216', '1123598815738675213', 'log_error', '错误日志', 'menu', '/monitor/log/error', NULL, '3', '1', '0', '1', NULL, '0');
INSERT INTO "ALAIR"."SYS_MENU" VALUES ('1123598815738675217', '0', 'tool', '研发工具', 'menu', '/tool', 'iconfont icon-wxbgongju', '4', '1', '0', '1', NULL, '0');
INSERT INTO "ALAIR"."SYS_MENU" VALUES ('1123598815738675218', '1123598815738675217', 'code', '代码生成', 'menu', '/tool/code', 'iconfont iconicon_savememo', '1', '1', '0', '1', NULL, '0');
INSERT INTO "ALAIR"."SYS_MENU" VALUES ('1123598815738675219', '1123598815738675202', 'notice_add', '新增', 'add', '/desk/notice/add', 'plus', '1', '2', '1', '1', NULL, '0');
INSERT INTO "ALAIR"."SYS_MENU" VALUES ('1123598815738675220', '1123598815738675202', 'notice_edit', '修改', 'edit', '/desk/notice/edit', 'form', '2', '2', '2', '1', NULL, '0');
INSERT INTO "ALAIR"."SYS_MENU" VALUES ('1123598815738675221', '1123598815738675202', 'notice_delete', '删除', 'delete', '/api/blade-desk/notice/remove', 'delete', '3', '2', '3', '1', NULL, '0');
INSERT INTO "ALAIR"."SYS_MENU" VALUES ('1123598815738675222', '1123598815738675202', 'notice_view', '查看', 'view', '/desk/notice/view', 'file-text', '4', '2', '2', '1', NULL, '0');
INSERT INTO "ALAIR"."SYS_MENU" VALUES ('1123598815738675223', '1123598815738675204', 'user_add', '新增', 'add', '/system/user/add', 'plus', '1', '2', '1', '1', NULL, '0');
INSERT INTO "ALAIR"."SYS_MENU" VALUES ('1164733389668962251', '1123598815738675203', 'post', '岗位管理', 'menu', '/system/post', 'iconfont iconicon_message', '3', '1', '0', '1', NULL, '0');
INSERT INTO "ALAIR"."SYS_MENU" VALUES ('1164733389668962252', '1164733389668962251', 'post_add', '新增', 'add', '/system/post/add', 'plus', '1', '2', '1', '1', NULL, '0');
INSERT INTO "ALAIR"."SYS_MENU" VALUES ('1164733389668962253', '1164733389668962251', 'post_edit', '修改', 'edit', '/system/post/edit', 'form', '2', '2', '2', '1', NULL, '0');
INSERT INTO "ALAIR"."SYS_MENU" VALUES ('1164733389668962254', '1164733389668962251', 'post_delete', '删除', 'delete', '/api/blade-system/post/remove', 'delete', '3', '2', '3', '1', NULL, '0');
INSERT INTO "ALAIR"."SYS_MENU" VALUES ('1164733389668962255', '1164733389668962251', 'post_view', '查看', 'view', '/system/post/view', 'file-text', '4', '2', '2', '1', NULL, '0');
INSERT INTO "ALAIR"."SYS_MENU" VALUES ('1164733399668962201', '0', 'base', '基础配置', 'menu', '/base', 'iconfont iconicon_affiliations_li', '97', '1', '0', '1', NULL, '0');
INSERT INTO "ALAIR"."SYS_MENU" VALUES ('1164733399668962202', '1164733399668962201', 'region', '行政区划', 'menu', '/base/region', 'iconfont icon-iframe', '1', '1', '0', '1', NULL, '0');
INSERT INTO "ALAIR"."SYS_MENU" VALUES ('1164733399668962203', '1164733399668962202', 'region_add', '新增下级', 'add', NULL, NULL, '1', '2', '1', '1', NULL, '0');
INSERT INTO "ALAIR"."SYS_MENU" VALUES ('1164733399668962204', '1164733399668962202', 'region_delete', '删除', 'delete', '/api/blade-system/region/remove', NULL, '2', '2', '2', '1', NULL, '0');
INSERT INTO "ALAIR"."SYS_MENU" VALUES ('1164733399668962205', '1164733399668962202', 'region_import', '导入', 'import', NULL, NULL, '3', '2', '3', '1', NULL, '0');
INSERT INTO "ALAIR"."SYS_MENU" VALUES ('1164733399668962206', '1164733399668962202', 'region_export', '导出', 'export', NULL, NULL, '4', '2', '2', '1', NULL, '0');
INSERT INTO "ALAIR"."SYS_MENU" VALUES ('1164733399668962207', '1164733399668962202', 'region_debug', '调试', 'debug', NULL, NULL, '5', '2', '2', '1', NULL, '0');
INSERT INTO "ALAIR"."SYS_MENU" VALUES ('1123598815738675224', '1123598815738675204', 'user_edit', '修改', 'edit', '/system/user/edit', 'form', '2', '2', '2', '1', NULL, '0');
INSERT INTO "ALAIR"."SYS_MENU" VALUES ('1123598815738675225', '1123598815738675204', 'user_delete', '删除', 'delete', '/api/blade-user/remove', 'delete', '3', '2', '3', '1', NULL, '0');
INSERT INTO "ALAIR"."SYS_MENU" VALUES ('1123598815738675226', '1123598815738675204', 'user_role', '角色配置', 'role', NULL, 'user-add', '4', '2', '1', '1', NULL, '0');
INSERT INTO "ALAIR"."SYS_MENU" VALUES ('1123598815738675227', '1123598815738675204', 'user_reset', '密码重置', 'reset-password', '/api/blade-user/reset-password', 'retweet', '5', '2', '1', '1', NULL, '0');
INSERT INTO "ALAIR"."SYS_MENU" VALUES ('1123598815738675228', '1123598815738675204', 'user_view', '查看', 'view', '/system/user/view', 'file-text', '6', '2', '2', '1', NULL, '0');
INSERT INTO "ALAIR"."SYS_MENU" VALUES ('1123598815738675229', '1123598815738675205', 'dept_add', '新增', 'add', '/system/dept/add', 'plus', '1', '2', '1', '1', NULL, '0');
INSERT INTO "ALAIR"."SYS_MENU" VALUES ('1123598815738675230', '1123598815738675205', 'dept_edit', '修改', 'edit', '/system/dept/edit', 'form', '2', '2', '2', '1', NULL, '0');
INSERT INTO "ALAIR"."SYS_MENU" VALUES ('1123598815738675231', '1123598815738675205', 'dept_delete', '删除', 'delete', '/api/blade-system/dept/remove', 'delete', '3', '2', '3', '1', NULL, '0');
INSERT INTO "ALAIR"."SYS_MENU" VALUES ('1123598815738675232', '1123598815738675205', 'dept_view', '查看', 'view', '/system/dept/view', 'file-text', '4', '2', '2', '1', NULL, '0');
INSERT INTO "ALAIR"."SYS_MENU" VALUES ('1123598815738675233', '1123598815738675206', 'dict_add', '新增', 'add', '/system/dict/add', 'plus', '1', '2', '1', '1', NULL, '0');
INSERT INTO "ALAIR"."SYS_MENU" VALUES ('1123598815738675234', '1123598815738675206', 'dict_edit', '修改', 'edit', '/system/dict/edit', 'form', '2', '2', '2', '1', NULL, '0');
INSERT INTO "ALAIR"."SYS_MENU" VALUES ('1123598815738675235', '1123598815738675206', 'dict_delete', '删除', 'delete', '/api/blade-system/dict/remove', 'delete', '3', '2', '3', '1', NULL, '0');
INSERT INTO "ALAIR"."SYS_MENU" VALUES ('1123598815738675236', '1123598815738675206', 'dict_view', '查看', 'view', '/system/dict/view', 'file-text', '4', '2', '2', '1', NULL, '0');
INSERT INTO "ALAIR"."SYS_MENU" VALUES ('1123598815738675237', '1123598815738675207', 'menu_add', '新增', 'add', '/system/menu/add', 'plus', '1', '2', '1', '1', NULL, '0');
INSERT INTO "ALAIR"."SYS_MENU" VALUES ('1123598815738675238', '1123598815738675207', 'menu_edit', '修改', 'edit', '/system/menu/edit', 'form', '2', '2', '2', '1', NULL, '0');
INSERT INTO "ALAIR"."SYS_MENU" VALUES ('1123598815738675239', '1123598815738675207', 'menu_delete', '删除', 'delete', '/api/blade-system/menu/remove', 'delete', '3', '2', '3', '1', NULL, '0');
INSERT INTO "ALAIR"."SYS_MENU" VALUES ('1123598815738675240', '1123598815738675207', 'menu_view', '查看', 'view', '/system/menu/view', 'file-text', '4', '2', '2', '1', NULL, '0');
INSERT INTO "ALAIR"."SYS_MENU" VALUES ('1123598815738675241', '1123598815738675308', 'role_add', '新增', 'add', '/authority/role/add', 'plus', '1', '2', '1', '1', NULL, '0');
INSERT INTO "ALAIR"."SYS_MENU" VALUES ('1123598815738675242', '1123598815738675308', 'role_edit', '修改', 'edit', '/authority/role/edit', 'form', '2', '2', '2', '1', NULL, '0');
INSERT INTO "ALAIR"."SYS_MENU" VALUES ('1123598815738675243', '1123598815738675308', 'role_delete', '删除', 'delete', '/api/blade-system/role/remove', 'delete', '3', '2', '3', '1', NULL, '0');
INSERT INTO "ALAIR"."SYS_MENU" VALUES ('1123598815738675244', '1123598815738675308', 'role_view', '查看', 'view', '/authority/role/view', 'file-text', '4', '2', '2', '1', NULL, '0');
INSERT INTO "ALAIR"."SYS_MENU" VALUES ('1123598815738675245', '1123598815738675209', 'param_add', '新增', 'add', '/system/param/add', 'plus', '1', '2', '1', '1', NULL, '0');
INSERT INTO "ALAIR"."SYS_MENU" VALUES ('1123598815738675246', '1123598815738675209', 'param_edit', '修改', 'edit', '/system/param/edit', 'form', '2', '2', '2', '1', NULL, '0');
INSERT INTO "ALAIR"."SYS_MENU" VALUES ('1123598815738675247', '1123598815738675209', 'param_delete', '删除', 'delete', '/api/blade-system/param/remove', 'delete', '3', '2', '3', '1', NULL, '0');
INSERT INTO "ALAIR"."SYS_MENU" VALUES ('1123598815738675248', '1123598815738675209', 'param_view', '查看', 'view', '/system/param/view', 'file-text', '4', '2', '2', '1', NULL, '0');
INSERT INTO "ALAIR"."SYS_MENU" VALUES ('1123598815738675249', '1123598815738675214', 'log_usual_view', '查看', 'view', '/monitor/log/usual/view', 'file-text', '4', '2', '2', '1', NULL, '0');
INSERT INTO "ALAIR"."SYS_MENU" VALUES ('1123598815738675250', '1123598815738675215', 'log_api_view', '查看', 'view', '/monitor/log/api/view', 'file-text', '4', '2', '2', '1', NULL, '0');
INSERT INTO "ALAIR"."SYS_MENU" VALUES ('1123598815738675251', '1123598815738675216', 'log_error_view', '查看', 'view', '/monitor/log/error/view', 'file-text', '4', '2', '2', '1', NULL, '0');
INSERT INTO "ALAIR"."SYS_MENU" VALUES ('1123598815738675252', '1123598815738675218', 'code_add', '新增', 'add', '/tool/code/add', 'plus', '1', '2', '1', '1', NULL, '0');
INSERT INTO "ALAIR"."SYS_MENU" VALUES ('1123598815738675253', '1123598815738675218', 'code_edit', '修改', 'edit', '/tool/code/edit', 'form', '2', '2', '2', '1', NULL, '0');
INSERT INTO "ALAIR"."SYS_MENU" VALUES ('1123598815738675254', '1123598815738675218', 'code_delete', '删除', 'delete', '/api/blade-system/code/remove', 'delete', '3', '2', '3', '1', NULL, '0');
INSERT INTO "ALAIR"."SYS_MENU" VALUES ('1123598815738675255', '1123598815738675218', 'code_view', '查看', 'view', '/tool/code/view', 'file-text', '4', '2', '2', '1', NULL, '0');
INSERT INTO "ALAIR"."SYS_MENU" VALUES ('1123598815738675256', '1123598815738675203', 'tenant', '租户管理', 'menu', '/system/tenant', 'iconfont icon-quanxian', '9', '1', '0', '1', NULL, '0');
INSERT INTO "ALAIR"."SYS_MENU" VALUES ('1123598815738675257', '1123598815738675256', 'tenant_add', '新增', 'add', '/system/tenant/add', 'plus', '1', '2', '1', '1', NULL, '0');
INSERT INTO "ALAIR"."SYS_MENU" VALUES ('1123598815738675258', '1123598815738675256', 'tenant_edit', '修改', 'edit', '/system/tenant/edit', 'form', '2', '2', '2', '1', NULL, '0');
INSERT INTO "ALAIR"."SYS_MENU" VALUES ('1123598815738675259', '1123598815738675256', 'tenant_delete', '删除', 'delete', '/api/blade-system/tenant/remove', 'delete', '3', '2', '3', '1', NULL, '0');
INSERT INTO "ALAIR"."SYS_MENU" VALUES ('1123598815738675260', '1123598815738675256', 'tenant_view', '查看', 'view', '/system/tenant/view', 'file-text', '4', '2', '2', '1', NULL, '0');
INSERT INTO "ALAIR"."SYS_MENU" VALUES ('1123598815738675261', '1123598815738675203', 'client', '应用管理', 'menu', '/system/client', 'iconfont iconicon_mobilephone', '10', '1', '0', '1', NULL, '0');
INSERT INTO "ALAIR"."SYS_MENU" VALUES ('1123598815738675262', '1123598815738675261', 'client_add', '新增', 'add', '/system/client/add', 'plus', '1', '2', '1', '1', NULL, '0');
INSERT INTO "ALAIR"."SYS_MENU" VALUES ('1123598815738675263', '1123598815738675261', 'client_edit', '修改', 'edit', '/system/client/edit', 'form', '2', '2', '2', '1', NULL, '0');
INSERT INTO "ALAIR"."SYS_MENU" VALUES ('1123598815738675264', '1123598815738675261', 'client_delete', '删除', 'delete', '/api/blade-system/client/remove', 'delete', '3', '2', '3', '1', NULL, '0');
INSERT INTO "ALAIR"."SYS_MENU" VALUES ('1123598815738675265', '1123598815738675261', 'client_view', '查看', 'view', '/system/client/view', 'file-text', '4', '2', '2', '1', NULL, '0');
INSERT INTO "ALAIR"."SYS_MENU" VALUES ('1123598815738675266', '0', 'flow', '流程管理', 'menu', '/flow', 'iconfont iconicon_send', '5', '1', '0', '1', NULL, '0');
INSERT INTO "ALAIR"."SYS_MENU" VALUES ('1123598815738675267', '1123598815738675266', 'flow_model', '模型管理', 'menu', '/flow/model', 'iconfont iconicon_discovery', '1', '1', '0', '1', NULL, '0');
INSERT INTO "ALAIR"."SYS_MENU" VALUES ('1123598815738675268', '1123598815738675267', 'flow_model_create', '创建', 'create', NULL, 'plus', '1', '2', '1', '1', NULL, '0');
INSERT INTO "ALAIR"."SYS_MENU" VALUES ('1123598815738675269', '1123598815738675267', 'flow_model_upTIMESTAMP', '编辑', 'upTIMESTAMP', NULL, 'form', '2', '2', '2', '1', NULL, '0');
INSERT INTO "ALAIR"."SYS_MENU" VALUES ('1123598815738675270', '1123598815738675267', 'flow_model_deploy', '部署', 'deploy', NULL, 'cloud-upload', '3', '2', '2', '1', NULL, '0');
INSERT INTO "ALAIR"."SYS_MENU" VALUES ('1123598815738675271', '1123598815738675267', 'flow_model_download', '下载', 'download', NULL, 'download', '4', '2', '2', '1', NULL, '0');
INSERT INTO "ALAIR"."SYS_MENU" VALUES ('1123598815738675272', '1123598815738675267', 'flow_model_delete', '删除', 'delete', '/api/blade-flow/model/remove', 'delete', '5', '2', '3', '1', NULL, '0');
INSERT INTO "ALAIR"."SYS_MENU" VALUES ('1123598815738675273', '1123598815738675266', 'flow_deploy', '流程部署', 'menu', '/flow/deploy', 'iconfont iconicon_cspace', '2', '1', '0', '1', NULL, '0');
INSERT INTO "ALAIR"."SYS_MENU" VALUES ('1123598815738675274', '1123598815738675266', 'flow_manager', '流程管理', 'menu', '/flow/manager', 'iconfont iconicon_cloud_history', '3', '1', '0', '1', NULL, '0');
INSERT INTO "ALAIR"."SYS_MENU" VALUES ('1123598815738675275', '1123598815738675274', 'flow_manager_state', '变更状态', 'state', NULL, 'plus', '1', '2', '2', '1', NULL, '0');
INSERT INTO "ALAIR"."SYS_MENU" VALUES ('1123598815738675276', '1123598815738675274', 'flow_manager_image', '流程图', 'image', NULL, 'image', '2', '2', '2', '1', NULL, '0');

-- ----------------------------
-- Table structure for SYS_PARAM
-- ----------------------------
DROP TABLE "ALAIR"."SYS_PARAM";
CREATE TABLE "ALAIR"."SYS_PARAM" (
  "ID" NUMBER(20,0) VISIBLE NOT NULL,
  "PARAM_NAME" NVARCHAR2(255) VISIBLE,
  "PARAM_KEY" NVARCHAR2(255) VISIBLE,
  "PARAM_VALUE" NVARCHAR2(255) VISIBLE,
  "REMARK" NVARCHAR2(255) VISIBLE,
  "CREATE_USER" NUMBER(20,0) VISIBLE,
  "CREATE_BY" NVARCHAR2(64) VISIBLE,
  "CREATE_TIME" TIMESTAMP(6) VISIBLE,
  "UPDATE_USER" NUMBER(20,0) VISIBLE,
  "UPDATE_TIME" TIMESTAMP(6) VISIBLE,
  "STATUS" NUMBER(11,0) VISIBLE,
  "IS_DELETED" NUMBER(11,0) VISIBLE
)
LOGGING
NOCOMPRESS
PCTFREE 10
INITRANS 1
STORAGE (
  INITIAL 65536 
  NEXT 1048576 
  MINEXTENTS 1
  MAXEXTENTS 2147483645
  BUFFER_POOL DEFAULT
)
PARALLEL 1
NOCACHE
DISABLE ROW MOVEMENT
;
COMMENT ON COLUMN "ALAIR"."SYS_PARAM"."ID" IS '主键';
COMMENT ON COLUMN "ALAIR"."SYS_PARAM"."PARAM_NAME" IS '参数名';
COMMENT ON COLUMN "ALAIR"."SYS_PARAM"."PARAM_KEY" IS '参数键';
COMMENT ON COLUMN "ALAIR"."SYS_PARAM"."PARAM_VALUE" IS '参数值';
COMMENT ON COLUMN "ALAIR"."SYS_PARAM"."REMARK" IS '备注';
COMMENT ON COLUMN "ALAIR"."SYS_PARAM"."CREATE_USER" IS '创建人';
COMMENT ON COLUMN "ALAIR"."SYS_PARAM"."CREATE_BY" IS '创建人名称';
COMMENT ON COLUMN "ALAIR"."SYS_PARAM"."CREATE_TIME" IS '创建时间';
COMMENT ON COLUMN "ALAIR"."SYS_PARAM"."UPDATE_USER" IS '修改人';
COMMENT ON COLUMN "ALAIR"."SYS_PARAM"."UPDATE_TIME" IS '修改时间';
COMMENT ON COLUMN "ALAIR"."SYS_PARAM"."STATUS" IS '状态';
COMMENT ON COLUMN "ALAIR"."SYS_PARAM"."IS_DELETED" IS '是否已删除';
COMMENT ON TABLE "ALAIR"."SYS_PARAM" IS '参数表';

-- ----------------------------
-- Records of SYS_PARAM
-- ----------------------------
INSERT INTO "ALAIR"."SYS_PARAM" VALUES ('1123598819738675201', '是否开启注册功能', 'ACCOUNT.registerUser', 'true', '开启注册', '1123598813738675201', 'admin', TO_TIMESTAMP('2018-12-28 12:19:01.000000', 'SYYYY-MM-DD HH24:MI:SS:FF6'), '1123598821738675201', TO_TIMESTAMP('2018-12-28 12:19:01.000000', 'SYYYY-MM-DD HH24:MI:SS:FF6'), '1', '0');
INSERT INTO "ALAIR"."SYS_PARAM" VALUES ('1123598819738675202', '账号初始密码', 'ACCOUNT.initPassword', '123456', '初始密码', '1123598813738675201', 'admin', TO_TIMESTAMP('2018-12-28 12:19:01.000000', 'SYYYY-MM-DD HH24:MI:SS:FF6'), '1123598821738675201', TO_TIMESTAMP('2018-12-28 12:19:01.000000', 'SYYYY-MM-DD HH24:MI:SS:FF6'), '1', '0');

-- ----------------------------
-- Table structure for SYS_POST
-- ----------------------------
DROP TABLE "ALAIR"."SYS_POST";
CREATE TABLE "ALAIR"."SYS_POST" (
  "ID" NUMBER(20,0) VISIBLE NOT NULL,
  "TENANT_ID" NVARCHAR2(12) VISIBLE,
  "CATEGORY" NUMBER(11,0) VISIBLE,
  "POST_CODE" VARCHAR2(12 BYTE) VISIBLE,
  "POST_NAME" VARCHAR2(64 BYTE) VISIBLE,
  "SORT" NUMBER(11,0) VISIBLE,
  "REMARK" NVARCHAR2(255) VISIBLE,
  "CREATE_USER" NUMBER(20,0) VISIBLE,
  "CREATE_BY" VARCHAR2(64 BYTE) VISIBLE,
  "CREATE_TIME" TIMESTAMP(6) VISIBLE,
  "UPDATE_USER" NUMBER(20,0) VISIBLE,
  "UPDATE_TIME" TIMESTAMP(6) VISIBLE,
  "STATUS" NUMBER(11,0) VISIBLE,
  "IS_DELETED" NUMBER(11,0) VISIBLE
)
LOGGING
NOCOMPRESS
PCTFREE 10
INITRANS 1
STORAGE (
  INITIAL 65536 
  NEXT 1048576 
  MINEXTENTS 1
  MAXEXTENTS 2147483645
  BUFFER_POOL DEFAULT
)
PARALLEL 1
NOCACHE
DISABLE ROW MOVEMENT
;
COMMENT ON COLUMN "ALAIR"."SYS_POST"."ID" IS '主键';
COMMENT ON COLUMN "ALAIR"."SYS_POST"."TENANT_ID" IS '租户ID';
COMMENT ON COLUMN "ALAIR"."SYS_POST"."CATEGORY" IS '岗位类型';
COMMENT ON COLUMN "ALAIR"."SYS_POST"."POST_CODE" IS '岗位编号';
COMMENT ON COLUMN "ALAIR"."SYS_POST"."POST_NAME" IS '岗位名称';
COMMENT ON COLUMN "ALAIR"."SYS_POST"."SORT" IS '岗位排序';
COMMENT ON COLUMN "ALAIR"."SYS_POST"."REMARK" IS '岗位描述';
COMMENT ON COLUMN "ALAIR"."SYS_POST"."CREATE_USER" IS '创建人';
COMMENT ON COLUMN "ALAIR"."SYS_POST"."CREATE_BY" IS '创建人名称';
COMMENT ON COLUMN "ALAIR"."SYS_POST"."CREATE_TIME" IS '创建时间';
COMMENT ON COLUMN "ALAIR"."SYS_POST"."UPDATE_USER" IS '修改人';
COMMENT ON COLUMN "ALAIR"."SYS_POST"."UPDATE_TIME" IS '修改时间';
COMMENT ON COLUMN "ALAIR"."SYS_POST"."STATUS" IS '状态';
COMMENT ON COLUMN "ALAIR"."SYS_POST"."IS_DELETED" IS '是否已删除';
COMMENT ON TABLE "ALAIR"."SYS_POST" IS '岗位表';

-- ----------------------------
-- Records of SYS_POST
-- ----------------------------

-- ----------------------------
-- Table structure for SYS_REGION
-- ----------------------------
DROP TABLE "ALAIR"."SYS_REGION";
CREATE TABLE "ALAIR"."SYS_REGION" (
  "CODE" VARCHAR2(12 BYTE) VISIBLE NOT NULL,
  "PARENT_CODE" VARCHAR2(12 BYTE) VISIBLE,
  "ANCESTORS" VARCHAR2(255 BYTE) VISIBLE,
  "NAME" VARCHAR2(64 BYTE) VISIBLE,
  "PROVINCE_CODE" VARCHAR2(12 BYTE) VISIBLE,
  "PROVINCE_NAME" VARCHAR2(64 BYTE) VISIBLE,
  "CITY_CODE" VARCHAR2(12 BYTE) VISIBLE,
  "CITY_NAME" VARCHAR2(64 BYTE) VISIBLE,
  "DISTRICT_CODE" VARCHAR2(12 BYTE) VISIBLE,
  "DISTRICT_NAME" VARCHAR2(64 BYTE) VISIBLE,
  "TOWN_CODE" VARCHAR2(12 BYTE) VISIBLE,
  "TOWN_NAME" VARCHAR2(64 BYTE) VISIBLE,
  "VILLAGE_CODE" VARCHAR2(12 BYTE) VISIBLE,
  "VILLAGE_NAME" VARCHAR2(64 BYTE) VISIBLE,
  "REGION_LEVEL" NUMBER(11,0) VISIBLE NOT NULL,
  "SORT" NUMBER(11,0) VISIBLE NOT NULL,
  "REMARK" VARCHAR2(255 BYTE) VISIBLE
)
LOGGING
NOCOMPRESS
PCTFREE 10
INITRANS 1
STORAGE (
  INITIAL 65536 
  NEXT 1048576 
  MINEXTENTS 1
  MAXEXTENTS 2147483645
  BUFFER_POOL DEFAULT
)
PARALLEL 1
NOCACHE
DISABLE ROW MOVEMENT
;
COMMENT ON COLUMN "ALAIR"."SYS_REGION"."CODE" IS '区划编号';
COMMENT ON COLUMN "ALAIR"."SYS_REGION"."PARENT_CODE" IS '父区划编号';
COMMENT ON COLUMN "ALAIR"."SYS_REGION"."ANCESTORS" IS '祖区划编号';
COMMENT ON COLUMN "ALAIR"."SYS_REGION"."NAME" IS '区划名称';
COMMENT ON COLUMN "ALAIR"."SYS_REGION"."PROVINCE_CODE" IS '省级区划编号';
COMMENT ON COLUMN "ALAIR"."SYS_REGION"."PROVINCE_NAME" IS '省级名称';
COMMENT ON COLUMN "ALAIR"."SYS_REGION"."CITY_CODE" IS '市级区划编号';
COMMENT ON COLUMN "ALAIR"."SYS_REGION"."CITY_NAME" IS '市级名称';
COMMENT ON COLUMN "ALAIR"."SYS_REGION"."DISTRICT_CODE" IS '区级区划编号';
COMMENT ON COLUMN "ALAIR"."SYS_REGION"."DISTRICT_NAME" IS '区级名称';
COMMENT ON COLUMN "ALAIR"."SYS_REGION"."TOWN_CODE" IS '镇级区划编号';
COMMENT ON COLUMN "ALAIR"."SYS_REGION"."TOWN_NAME" IS '镇级名称';
COMMENT ON COLUMN "ALAIR"."SYS_REGION"."VILLAGE_CODE" IS '村级区划编号';
COMMENT ON COLUMN "ALAIR"."SYS_REGION"."VILLAGE_NAME" IS '村级名称';
COMMENT ON COLUMN "ALAIR"."SYS_REGION"."REGION_LEVEL" IS '层级';
COMMENT ON COLUMN "ALAIR"."SYS_REGION"."SORT" IS '排序';
COMMENT ON COLUMN "ALAIR"."SYS_REGION"."REMARK" IS '备注';
COMMENT ON TABLE "ALAIR"."SYS_REGION" IS '行政区划表';

-- ----------------------------
-- Records of SYS_REGION
-- ----------------------------

-- ----------------------------
-- Table structure for SYS_REPORT_FILE
-- ----------------------------
DROP TABLE "ALAIR"."SYS_REPORT_FILE";
CREATE TABLE "ALAIR"."SYS_REPORT_FILE" (
  "ID" NUMBER(20,0) VISIBLE NOT NULL,
  "NAME" NVARCHAR2(100) VISIBLE NOT NULL,
  "CONTENT" BLOB VISIBLE,
  "CREATE_TIME" TIMESTAMP(6) VISIBLE NOT NULL,
  "UPDATE_TIME" TIMESTAMP(6) VISIBLE NOT NULL,
  "IS_DELETED" NUMBER(11,0) VISIBLE DEFAULT 0

)
LOGGING
NOCOMPRESS
PCTFREE 10
INITRANS 1
STORAGE (
  BUFFER_POOL DEFAULT
)
PARALLEL 1
NOCACHE
DISABLE ROW MOVEMENT
;
COMMENT ON COLUMN "ALAIR"."SYS_REPORT_FILE"."ID" IS '主键';
COMMENT ON COLUMN "ALAIR"."SYS_REPORT_FILE"."NAME" IS '文件名';
COMMENT ON COLUMN "ALAIR"."SYS_REPORT_FILE"."CONTENT" IS '文件内容';
COMMENT ON COLUMN "ALAIR"."SYS_REPORT_FILE"."CREATE_TIME" IS '创建时间';
COMMENT ON COLUMN "ALAIR"."SYS_REPORT_FILE"."UPDATE_TIME" IS '更新时间';
COMMENT ON COLUMN "ALAIR"."SYS_REPORT_FILE"."IS_DELETED" IS '是否已删除';
COMMENT ON TABLE "ALAIR"."SYS_REPORT_FILE" IS '报表文件表';

-- ----------------------------
-- Records of SYS_REPORT_FILE
-- ----------------------------

-- ----------------------------
-- Table structure for SYS_ROLE
-- ----------------------------
DROP TABLE "ALAIR"."SYS_ROLE";
CREATE TABLE "ALAIR"."SYS_ROLE" (
  "ID" NUMBER(20,0) VISIBLE NOT NULL,
  "TENANT_ID" NVARCHAR2(12) VISIBLE,
  "PARENT_ID" NUMBER(20,0) VISIBLE,
  "ROLE_NAME" NVARCHAR2(255) VISIBLE,
  "SORT" NUMBER(11,0) VISIBLE,
  "ROLE_ALIAS" NVARCHAR2(255) VISIBLE,
  "IS_DELETED" NUMBER(11,0) VISIBLE
)
LOGGING
NOCOMPRESS
PCTFREE 10
INITRANS 1
STORAGE (
  INITIAL 65536 
  NEXT 1048576 
  MINEXTENTS 1
  MAXEXTENTS 2147483645
  BUFFER_POOL DEFAULT
)
PARALLEL 1
NOCACHE
DISABLE ROW MOVEMENT
;
COMMENT ON COLUMN "ALAIR"."SYS_ROLE"."ID" IS '主键';
COMMENT ON COLUMN "ALAIR"."SYS_ROLE"."TENANT_ID" IS '租户ID';
COMMENT ON COLUMN "ALAIR"."SYS_ROLE"."PARENT_ID" IS '父主键';
COMMENT ON COLUMN "ALAIR"."SYS_ROLE"."ROLE_NAME" IS '角色名';
COMMENT ON COLUMN "ALAIR"."SYS_ROLE"."SORT" IS '排序';
COMMENT ON COLUMN "ALAIR"."SYS_ROLE"."ROLE_ALIAS" IS '角色别名';
COMMENT ON COLUMN "ALAIR"."SYS_ROLE"."IS_DELETED" IS '是否已删除';
COMMENT ON TABLE "ALAIR"."SYS_ROLE" IS '角色表';

-- ----------------------------
-- Records of SYS_ROLE
-- ----------------------------
INSERT INTO "ALAIR"."SYS_ROLE" VALUES ('1123598816738675201', '000000', '0', '超级管理员', '1', 'administrator', '0');
INSERT INTO "ALAIR"."SYS_ROLE" VALUES ('1123598816738675202', '000000', '0', '用户', '2', 'user', '0');
INSERT INTO "ALAIR"."SYS_ROLE" VALUES ('1123598816738675203', '000000', '1123598816738675202', '人事', '1', 'hr', '0');
INSERT INTO "ALAIR"."SYS_ROLE" VALUES ('1123598816738675204', '000000', '1123598816738675202', '经理', '2', 'manager', '0');
INSERT INTO "ALAIR"."SYS_ROLE" VALUES ('1123598816738675205', '000000', '1123598816738675202', '老板', '3', 'boss', '0');

-- ----------------------------
-- Table structure for SYS_ROLE_MENU
-- ----------------------------
DROP TABLE "ALAIR"."SYS_ROLE_MENU";
CREATE TABLE "ALAIR"."SYS_ROLE_MENU" (
  "ID" NUMBER(20,0) VISIBLE NOT NULL,
  "MENU_ID" NUMBER(20,0) VISIBLE,
  "ROLE_ID" NUMBER(20,0) VISIBLE
)
LOGGING
NOCOMPRESS
PCTFREE 10
INITRANS 1
STORAGE (
  INITIAL 65536 
  NEXT 1048576 
  MINEXTENTS 1
  MAXEXTENTS 2147483645
  BUFFER_POOL DEFAULT
)
PARALLEL 1
NOCACHE
DISABLE ROW MOVEMENT
;
COMMENT ON COLUMN "ALAIR"."SYS_ROLE_MENU"."ID" IS '主键';
COMMENT ON COLUMN "ALAIR"."SYS_ROLE_MENU"."MENU_ID" IS '菜单ID';
COMMENT ON COLUMN "ALAIR"."SYS_ROLE_MENU"."ROLE_ID" IS '角色ID';
COMMENT ON TABLE "ALAIR"."SYS_ROLE_MENU" IS '角色菜单关联表';

-- ----------------------------
-- Records of SYS_ROLE_MENU
-- ----------------------------
INSERT INTO "ALAIR"."SYS_ROLE_MENU" VALUES ('1149891667314569218', '1123598815738675295', '1123598816738675201');
INSERT INTO "ALAIR"."SYS_ROLE_MENU" VALUES ('1149891667343929346', '1123598815738675296', '1123598816738675201');
INSERT INTO "ALAIR"."SYS_ROLE_MENU" VALUES ('1149891667398455298', '1123598815738675297', '1123598816738675201');
INSERT INTO "ALAIR"."SYS_ROLE_MENU" VALUES ('1149891667440398338', '1123598815738675210', '1123598816738675201');
INSERT INTO "ALAIR"."SYS_ROLE_MENU" VALUES ('1149891667478147073', '1123598815738675211', '1123598816738675201');
INSERT INTO "ALAIR"."SYS_ROLE_MENU" VALUES ('1149891667524284417', '1123598815738675212', '1123598816738675201');
INSERT INTO "ALAIR"."SYS_ROLE_MENU" VALUES ('1149891667574616065', '1123598815738675213', '1123598816738675201');
INSERT INTO "ALAIR"."SYS_ROLE_MENU" VALUES ('1149891667608170498', '1123598815738675214', '1123598816738675201');
INSERT INTO "ALAIR"."SYS_ROLE_MENU" VALUES ('1149891667641724929', '1123598815738675249', '1123598816738675201');
INSERT INTO "ALAIR"."SYS_ROLE_MENU" VALUES ('1149891667671085058', '1123598815738675215', '1123598816738675201');
INSERT INTO "ALAIR"."SYS_ROLE_MENU" VALUES ('1149891667708833793', '1123598815738675250', '1123598816738675201');
INSERT INTO "ALAIR"."SYS_ROLE_MENU" VALUES ('1149891667746582529', '1123598815738675216', '1123598816738675201');
INSERT INTO "ALAIR"."SYS_ROLE_MENU" VALUES ('1149891667784331265', '1123598815738675251', '1123598816738675201');
INSERT INTO "ALAIR"."SYS_ROLE_MENU" VALUES ('1149891667822080001', '1123598815738675217', '1123598816738675201');
INSERT INTO "ALAIR"."SYS_ROLE_MENU" VALUES ('1149891667843051522', '1123598815738675218', '1123598816738675201');
INSERT INTO "ALAIR"."SYS_ROLE_MENU" VALUES ('1149891667889188865', '1123598815738675252', '1123598816738675201');
INSERT INTO "ALAIR"."SYS_ROLE_MENU" VALUES ('1149891667926937602', '1123598815738675253', '1123598816738675201');
INSERT INTO "ALAIR"."SYS_ROLE_MENU" VALUES ('1149891667947909121', '1123598815738675254', '1123598816738675201');
INSERT INTO "ALAIR"."SYS_ROLE_MENU" VALUES ('1149891667989852161', '1123598815738675255', '1123598816738675201');
INSERT INTO "ALAIR"."SYS_ROLE_MENU" VALUES ('1149891668015017986', '1123598815738675266', '1123598816738675201');
INSERT INTO "ALAIR"."SYS_ROLE_MENU" VALUES ('1149891668061155330', '1123598815738675267', '1123598816738675201');
INSERT INTO "ALAIR"."SYS_ROLE_MENU" VALUES ('1149891668086321154', '1123598815738675268', '1123598816738675201');
INSERT INTO "ALAIR"."SYS_ROLE_MENU" VALUES ('1149891668136652802', '1123598815738675269', '1123598816738675201');
INSERT INTO "ALAIR"."SYS_ROLE_MENU" VALUES ('1149891668199567362', '1123598815738675270', '1123598816738675201');
INSERT INTO "ALAIR"."SYS_ROLE_MENU" VALUES ('1149891668262481922', '1123598815738675271', '1123598816738675201');
INSERT INTO "ALAIR"."SYS_ROLE_MENU" VALUES ('1149891668321202177', '1123598815738675272', '1123598816738675201');
INSERT INTO "ALAIR"."SYS_ROLE_MENU" VALUES ('1149891668367339521', '1123598815738675273', '1123598816738675201');
INSERT INTO "ALAIR"."SYS_ROLE_MENU" VALUES ('1149891668405088257', '1123598815738675274', '1123598816738675201');
INSERT INTO "ALAIR"."SYS_ROLE_MENU" VALUES ('1149891668438642689', '1123598815738675275', '1123598816738675201');
INSERT INTO "ALAIR"."SYS_ROLE_MENU" VALUES ('1149891668472197121', '1123598815738675276', '1123598816738675201');
INSERT INTO "ALAIR"."SYS_ROLE_MENU" VALUES ('1149891668509945858', '1123598815738675277', '1123598816738675201');
INSERT INTO "ALAIR"."SYS_ROLE_MENU" VALUES ('1149891668568666113', '1123598815738675278', '1123598816738675201');
INSERT INTO "ALAIR"."SYS_ROLE_MENU" VALUES ('1149891668631580673', '1123598815738675279', '1123598816738675201');
INSERT INTO "ALAIR"."SYS_ROLE_MENU" VALUES ('1149891668669329410', '1123598815738675298', '1123598816738675201');
INSERT INTO "ALAIR"."SYS_ROLE_MENU" VALUES ('1149891668719661057', '1123598815738675299', '1123598816738675201');
INSERT INTO "ALAIR"."SYS_ROLE_MENU" VALUES ('1149891668757409793', '1123598815738675301', '1123598816738675201');
INSERT INTO "ALAIR"."SYS_ROLE_MENU" VALUES ('1149891668803547138', '1123598815738675302', '1123598816738675201');
INSERT INTO "ALAIR"."SYS_ROLE_MENU" VALUES ('1149891668849684481', '1123598815738675303', '1123598816738675201');
INSERT INTO "ALAIR"."SYS_ROLE_MENU" VALUES ('1149891668883238913', '1123598815738675304', '1123598816738675201');
INSERT INTO "ALAIR"."SYS_ROLE_MENU" VALUES ('1149891668920987650', '1123598815738675305', '1123598816738675201');
INSERT INTO "ALAIR"."SYS_ROLE_MENU" VALUES ('1149891668950347777', '1123598815738675307', '1123598816738675201');
INSERT INTO "ALAIR"."SYS_ROLE_MENU" VALUES ('1149891668983902209', '1123598815738675308', '1123598816738675201');
INSERT INTO "ALAIR"."SYS_ROLE_MENU" VALUES ('1149891669013262338', '1123598815738675241', '1123598816738675201');
INSERT INTO "ALAIR"."SYS_ROLE_MENU" VALUES ('1149891669034233857', '1123598815738675242', '1123598816738675201');
INSERT INTO "ALAIR"."SYS_ROLE_MENU" VALUES ('1149891669055205378', '1123598815738675243', '1123598816738675201');
INSERT INTO "ALAIR"."SYS_ROLE_MENU" VALUES ('1149891669105537025', '1123598815738675244', '1123598816738675201');
INSERT INTO "ALAIR"."SYS_ROLE_MENU" VALUES ('1149891669164257282', '1123598815738675309', '1123598816738675201');
INSERT INTO "ALAIR"."SYS_ROLE_MENU" VALUES ('1149891669210394626', '1123598815738675310', '1123598816738675201');
INSERT INTO "ALAIR"."SYS_ROLE_MENU" VALUES ('1149891669243949058', '1123598815738675311', '1123598816738675201');
INSERT INTO "ALAIR"."SYS_ROLE_MENU" VALUES ('1149891669285892097', '1123598815738675312', '1123598816738675201');
INSERT INTO "ALAIR"."SYS_ROLE_MENU" VALUES ('1149891669336223745', '1123598815738675203', '1123598816738675201');
INSERT INTO "ALAIR"."SYS_ROLE_MENU" VALUES ('1149891669365583873', '1123598815738675204', '1123598816738675201');
INSERT INTO "ALAIR"."SYS_ROLE_MENU" VALUES ('1149891669394944001', '1123598815738675223', '1123598816738675201');
INSERT INTO "ALAIR"."SYS_ROLE_MENU" VALUES ('1149891669441081346', '1123598815738675224', '1123598816738675201');
INSERT INTO "ALAIR"."SYS_ROLE_MENU" VALUES ('1149891669487218689', '1123598815738675225', '1123598816738675201');
INSERT INTO "ALAIR"."SYS_ROLE_MENU" VALUES ('1149891669533356033', '1123598815738675226', '1123598816738675201');
INSERT INTO "ALAIR"."SYS_ROLE_MENU" VALUES ('1149891669571104770', '1123598815738675227', '1123598816738675201');
INSERT INTO "ALAIR"."SYS_ROLE_MENU" VALUES ('1149891669642407937', '1123598815738675228', '1123598816738675201');
INSERT INTO "ALAIR"."SYS_ROLE_MENU" VALUES ('1149891669671768065', '1123598815738675205', '1123598816738675201');
INSERT INTO "ALAIR"."SYS_ROLE_MENU" VALUES ('1161272893875225001', '1164733389668962251', '1123598816738675201');
INSERT INTO "ALAIR"."SYS_ROLE_MENU" VALUES ('1161272893875225002', '1164733389668962252', '1123598816738675201');
INSERT INTO "ALAIR"."SYS_ROLE_MENU" VALUES ('1161272893875225003', '1164733389668962253', '1123598816738675201');
INSERT INTO "ALAIR"."SYS_ROLE_MENU" VALUES ('1161272893875225004', '1164733389668962254', '1123598816738675201');
INSERT INTO "ALAIR"."SYS_ROLE_MENU" VALUES ('1161272893875225005', '1164733389668962255', '1123598816738675201');
INSERT INTO "ALAIR"."SYS_ROLE_MENU" VALUES ('1161272893875225006', '1164733389668962256', '1123598816738675201');
INSERT INTO "ALAIR"."SYS_ROLE_MENU" VALUES ('1161272893875226001', '1164733399668962201', '1123598816738675201');
INSERT INTO "ALAIR"."SYS_ROLE_MENU" VALUES ('1161272893875226002', '1164733399668962202', '1123598816738675201');
INSERT INTO "ALAIR"."SYS_ROLE_MENU" VALUES ('1161272893875226003', '1164733399668962203', '1123598816738675201');
INSERT INTO "ALAIR"."SYS_ROLE_MENU" VALUES ('1161272893875226004', '1164733399668962204', '1123598816738675201');
INSERT INTO "ALAIR"."SYS_ROLE_MENU" VALUES ('1161272893875226005', '1164733399668962205', '1123598816738675201');
INSERT INTO "ALAIR"."SYS_ROLE_MENU" VALUES ('1161272893875226006', '1164733399668962206', '1123598816738675201');
INSERT INTO "ALAIR"."SYS_ROLE_MENU" VALUES ('1161272893875226007', '1164733399668962207', '1123598816738675201');
INSERT INTO "ALAIR"."SYS_ROLE_MENU" VALUES ('1161272893875227001', '1164733399669962201', '1123598816738675201');
INSERT INTO "ALAIR"."SYS_ROLE_MENU" VALUES ('1161272893875227002', '1164733399669962202', '1123598816738675201');
INSERT INTO "ALAIR"."SYS_ROLE_MENU" VALUES ('1161272893875227003', '1164733399669962203', '1123598816738675201');
INSERT INTO "ALAIR"."SYS_ROLE_MENU" VALUES ('1161272893875227004', '1164733399669962204', '1123598816738675201');
INSERT INTO "ALAIR"."SYS_ROLE_MENU" VALUES ('1161272893875228001', '1164733399669962301', '1123598816738675201');
INSERT INTO "ALAIR"."SYS_ROLE_MENU" VALUES ('1161272893875228002', '1164733399669962302', '1123598816738675201');
INSERT INTO "ALAIR"."SYS_ROLE_MENU" VALUES ('1161272893875228003', '1164733399669962303', '1123598816738675201');
INSERT INTO "ALAIR"."SYS_ROLE_MENU" VALUES ('1161272893875228004', '1164733399669962304', '1123598816738675201');
INSERT INTO "ALAIR"."SYS_ROLE_MENU" VALUES ('1149891669696933889', '1123598815738675229', '1123598816738675201');
INSERT INTO "ALAIR"."SYS_ROLE_MENU" VALUES ('1149891669743071234', '1123598815738675230', '1123598816738675201');
INSERT INTO "ALAIR"."SYS_ROLE_MENU" VALUES ('1149891669797597186', '1123598815738675231', '1123598816738675201');
INSERT INTO "ALAIR"."SYS_ROLE_MENU" VALUES ('1149891669847928834', '1123598815738675232', '1123598816738675201');
INSERT INTO "ALAIR"."SYS_ROLE_MENU" VALUES ('1149891669919232001', '1123598815738675206', '1123598816738675201');
INSERT INTO "ALAIR"."SYS_ROLE_MENU" VALUES ('1149891669973757954', '1123598815738675233', '1123598816738675201');
INSERT INTO "ALAIR"."SYS_ROLE_MENU" VALUES ('1149891670019895298', '1123598815738675234', '1123598816738675201');
INSERT INTO "ALAIR"."SYS_ROLE_MENU" VALUES ('1149891670045061121', '1123598815738675235', '1123598816738675201');
INSERT INTO "ALAIR"."SYS_ROLE_MENU" VALUES ('1149891670095392770', '1123598815738675236', '1123598816738675201');
INSERT INTO "ALAIR"."SYS_ROLE_MENU" VALUES ('1149891670137335809', '1123598815738675207', '1123598816738675201');
INSERT INTO "ALAIR"."SYS_ROLE_MENU" VALUES ('1149891670196056065', '1123598815738675237', '1123598816738675201');
INSERT INTO "ALAIR"."SYS_ROLE_MENU" VALUES ('1149891670229610498', '1123598815738675238', '1123598816738675201');
INSERT INTO "ALAIR"."SYS_ROLE_MENU" VALUES ('1149891670267359234', '1123598815738675239', '1123598816738675201');
INSERT INTO "ALAIR"."SYS_ROLE_MENU" VALUES ('1149891670292525057', '1123598815738675240', '1123598816738675201');
INSERT INTO "ALAIR"."SYS_ROLE_MENU" VALUES ('1149891670355439617', '1123598815738675306', '1123598816738675201');
INSERT INTO "ALAIR"."SYS_ROLE_MENU" VALUES ('1149891670380605442', '1123598815738675208', '1123598816738675201');
INSERT INTO "ALAIR"."SYS_ROLE_MENU" VALUES ('1149891670443520001', '1123598815738675313', '1123598816738675201');
INSERT INTO "ALAIR"."SYS_ROLE_MENU" VALUES ('1149891670481268737', '1123598815738675314', '1123598816738675201');
INSERT INTO "ALAIR"."SYS_ROLE_MENU" VALUES ('1149891670506434561', '1123598815738675315', '1123598816738675201');
INSERT INTO "ALAIR"."SYS_ROLE_MENU" VALUES ('1149891670569349121', '1123598815738675316', '1123598816738675201');
INSERT INTO "ALAIR"."SYS_ROLE_MENU" VALUES ('1149891670594514945', '1123598815738675209', '1123598816738675201');
INSERT INTO "ALAIR"."SYS_ROLE_MENU" VALUES ('1149891670657429506', '1123598815738675245', '1123598816738675201');
INSERT INTO "ALAIR"."SYS_ROLE_MENU" VALUES ('1149891670682595330', '1123598815738675246', '1123598816738675201');
INSERT INTO "ALAIR"."SYS_ROLE_MENU" VALUES ('1149891670711955457', '1123598815738675247', '1123598816738675201');
INSERT INTO "ALAIR"."SYS_ROLE_MENU" VALUES ('1149891670745509889', '1123598815738675248', '1123598816738675201');
INSERT INTO "ALAIR"."SYS_ROLE_MENU" VALUES ('1149891670804230146', '1123598815738675256', '1123598816738675201');
INSERT INTO "ALAIR"."SYS_ROLE_MENU" VALUES ('1149891670841978881', '1123598815738675257', '1123598816738675201');
INSERT INTO "ALAIR"."SYS_ROLE_MENU" VALUES ('1149891670879727617', '1123598815738675258', '1123598816738675201');
INSERT INTO "ALAIR"."SYS_ROLE_MENU" VALUES ('1149891670913282050', '1123598815738675259', '1123598816738675201');
INSERT INTO "ALAIR"."SYS_ROLE_MENU" VALUES ('1149891670959419394', '1123598815738675260', '1123598816738675201');
INSERT INTO "ALAIR"."SYS_ROLE_MENU" VALUES ('1149891670988779521', '1123598815738675261', '1123598816738675201');
INSERT INTO "ALAIR"."SYS_ROLE_MENU" VALUES ('1149891671039111170', '1123598815738675262', '1123598816738675201');
INSERT INTO "ALAIR"."SYS_ROLE_MENU" VALUES ('1149891671068471297', '1123598815738675263', '1123598816738675201');
INSERT INTO "ALAIR"."SYS_ROLE_MENU" VALUES ('1149891671110414338', '1123598815738675264', '1123598816738675201');
INSERT INTO "ALAIR"."SYS_ROLE_MENU" VALUES ('1149891671152357378', '1123598815738675265', '1123598816738675201');
INSERT INTO "ALAIR"."SYS_ROLE_MENU" VALUES ('1161272593873322991', '1161272593873321991', '1123598816738675201');
INSERT INTO "ALAIR"."SYS_ROLE_MENU" VALUES ('1161272593873322992', '1161272593873321992', '1123598816738675201');
INSERT INTO "ALAIR"."SYS_ROLE_MENU" VALUES ('1161272593873322993', '1161272593873321993', '1123598816738675201');
INSERT INTO "ALAIR"."SYS_ROLE_MENU" VALUES ('1161272593873322994', '1161272593873321994', '1123598816738675201');
INSERT INTO "ALAIR"."SYS_ROLE_MENU" VALUES ('1161272593873322995', '1161272593873321995', '1123598816738675201');
INSERT INTO "ALAIR"."SYS_ROLE_MENU" VALUES ('1161272593873322996', '1164733121140551682', '1123598816738675201');
INSERT INTO "ALAIR"."SYS_ROLE_MENU" VALUES ('1161272593873322997', '1164733349637844993', '1123598816738675201');
INSERT INTO "ALAIR"."SYS_ROLE_MENU" VALUES ('1161272693873322991', '1164733369658963251', '1123598816738675201');
INSERT INTO "ALAIR"."SYS_ROLE_MENU" VALUES ('1161272693873322992', '1164733369658963252', '1123598816738675201');
INSERT INTO "ALAIR"."SYS_ROLE_MENU" VALUES ('1161272693873322993', '1164733369658963253', '1123598816738675201');
INSERT INTO "ALAIR"."SYS_ROLE_MENU" VALUES ('1161272693873322994', '1164733369658963254', '1123598816738675201');
INSERT INTO "ALAIR"."SYS_ROLE_MENU" VALUES ('1161272693873322995', '1164733369658963255', '1123598816738675201');
INSERT INTO "ALAIR"."SYS_ROLE_MENU" VALUES ('1161272793873322991', '1164733379658963251', '1123598816738675201');
INSERT INTO "ALAIR"."SYS_ROLE_MENU" VALUES ('1161272793873322992', '1164733379658963252', '1123598816738675201');
INSERT INTO "ALAIR"."SYS_ROLE_MENU" VALUES ('1161272793873322993', '1164733379658963253', '1123598816738675201');
INSERT INTO "ALAIR"."SYS_ROLE_MENU" VALUES ('1161272793873322994', '1164733379658963254', '1123598816738675201');
INSERT INTO "ALAIR"."SYS_ROLE_MENU" VALUES ('1161272793873322995', '1164733379658963255', '1123598816738675201');
INSERT INTO "ALAIR"."SYS_ROLE_MENU" VALUES ('1161272893873322991', '1164733389658963251', '1123598816738675201');
INSERT INTO "ALAIR"."SYS_ROLE_MENU" VALUES ('1161272893873222991', '1164733389658962251', '1123598816738675201');
INSERT INTO "ALAIR"."SYS_ROLE_MENU" VALUES ('1161272893873222992', '1164733389658962252', '1123598816738675201');
INSERT INTO "ALAIR"."SYS_ROLE_MENU" VALUES ('1161272893873222993', '1164733389658962253', '1123598816738675201');
INSERT INTO "ALAIR"."SYS_ROLE_MENU" VALUES ('1161272893873222994', '1164733389658962254', '1123598816738675201');
INSERT INTO "ALAIR"."SYS_ROLE_MENU" VALUES ('1161272893873222995', '1164733389658962255', '1123598816738675201');
INSERT INTO "ALAIR"."SYS_ROLE_MENU" VALUES ('1161272893873222996', '1164733389658962256', '1123598816738675201');
INSERT INTO "ALAIR"."SYS_ROLE_MENU" VALUES ('1123598817738675363', '1123598815738675201', '1123598816738675202');
INSERT INTO "ALAIR"."SYS_ROLE_MENU" VALUES ('1123598817738675364', '1123598815738675202', '1123598816738675202');
INSERT INTO "ALAIR"."SYS_ROLE_MENU" VALUES ('1123598817738675365', '1123598815738675219', '1123598816738675202');
INSERT INTO "ALAIR"."SYS_ROLE_MENU" VALUES ('1123598817738675366', '1123598815738675220', '1123598816738675202');
INSERT INTO "ALAIR"."SYS_ROLE_MENU" VALUES ('1123598817738675367', '1123598815738675221', '1123598816738675202');
INSERT INTO "ALAIR"."SYS_ROLE_MENU" VALUES ('1123598817738675368', '1123598815738675222', '1123598816738675202');
INSERT INTO "ALAIR"."SYS_ROLE_MENU" VALUES ('1123598817738675369', '1123598815738675280', '1123598816738675202');
INSERT INTO "ALAIR"."SYS_ROLE_MENU" VALUES ('1123598817738675370', '1123598815738675281', '1123598816738675202');
INSERT INTO "ALAIR"."SYS_ROLE_MENU" VALUES ('1123598817738675371', '1123598815738675282', '1123598816738675202');
INSERT INTO "ALAIR"."SYS_ROLE_MENU" VALUES ('1123598817738675372', '1123598815738675283', '1123598816738675202');
INSERT INTO "ALAIR"."SYS_ROLE_MENU" VALUES ('1123598817738675373', '1123598815738675284', '1123598816738675202');
INSERT INTO "ALAIR"."SYS_ROLE_MENU" VALUES ('1123598817738675374', '1123598815738675285', '1123598816738675202');
INSERT INTO "ALAIR"."SYS_ROLE_MENU" VALUES ('1123598817738675375', '1123598815738675286', '1123598816738675202');
INSERT INTO "ALAIR"."SYS_ROLE_MENU" VALUES ('1123598817738675376', '1123598815738675287', '1123598816738675202');
INSERT INTO "ALAIR"."SYS_ROLE_MENU" VALUES ('1123598817738675377', '1123598815738675288', '1123598816738675202');
INSERT INTO "ALAIR"."SYS_ROLE_MENU" VALUES ('1123598817738675378', '1123598815738675289', '1123598816738675202');
INSERT INTO "ALAIR"."SYS_ROLE_MENU" VALUES ('1123598817738675379', '1123598815738675290', '1123598816738675202');
INSERT INTO "ALAIR"."SYS_ROLE_MENU" VALUES ('1123598817738675380', '1123598815738675291', '1123598816738675202');
INSERT INTO "ALAIR"."SYS_ROLE_MENU" VALUES ('1123598817738675381', '1123598815738675292', '1123598816738675202');
INSERT INTO "ALAIR"."SYS_ROLE_MENU" VALUES ('1123598817738675382', '1123598815738675293', '1123598816738675202');
INSERT INTO "ALAIR"."SYS_ROLE_MENU" VALUES ('1123598817738675383', '1123598815738675294', '1123598816738675202');
INSERT INTO "ALAIR"."SYS_ROLE_MENU" VALUES ('1123598817738675384', '1123598815738675295', '1123598816738675202');
INSERT INTO "ALAIR"."SYS_ROLE_MENU" VALUES ('1123598817738675385', '1123598815738675296', '1123598816738675202');
INSERT INTO "ALAIR"."SYS_ROLE_MENU" VALUES ('1123598817738675386', '1123598815738675297', '1123598816738675202');
INSERT INTO "ALAIR"."SYS_ROLE_MENU" VALUES ('1123598817738675387', '1123598815738675201', '1123598816738675203');
INSERT INTO "ALAIR"."SYS_ROLE_MENU" VALUES ('1123598817738675388', '1123598815738675202', '1123598816738675203');
INSERT INTO "ALAIR"."SYS_ROLE_MENU" VALUES ('1123598817738675389', '1123598815738675219', '1123598816738675203');
INSERT INTO "ALAIR"."SYS_ROLE_MENU" VALUES ('1123598817738675390', '1123598815738675220', '1123598816738675203');
INSERT INTO "ALAIR"."SYS_ROLE_MENU" VALUES ('1123598817738675391', '1123598815738675221', '1123598816738675203');
INSERT INTO "ALAIR"."SYS_ROLE_MENU" VALUES ('1123598817738675392', '1123598815738675222', '1123598816738675203');
INSERT INTO "ALAIR"."SYS_ROLE_MENU" VALUES ('1123598817738675393', '1123598815738675280', '1123598816738675203');
INSERT INTO "ALAIR"."SYS_ROLE_MENU" VALUES ('1123598817738675394', '1123598815738675281', '1123598816738675203');
INSERT INTO "ALAIR"."SYS_ROLE_MENU" VALUES ('1123598817738675395', '1123598815738675282', '1123598816738675203');
INSERT INTO "ALAIR"."SYS_ROLE_MENU" VALUES ('1123598817738675396', '1123598815738675283', '1123598816738675203');
INSERT INTO "ALAIR"."SYS_ROLE_MENU" VALUES ('1123598817738675397', '1123598815738675284', '1123598816738675203');
INSERT INTO "ALAIR"."SYS_ROLE_MENU" VALUES ('1123598817738675398', '1123598815738675285', '1123598816738675203');
INSERT INTO "ALAIR"."SYS_ROLE_MENU" VALUES ('1123598817738675399', '1123598815738675286', '1123598816738675203');
INSERT INTO "ALAIR"."SYS_ROLE_MENU" VALUES ('1123598817738675400', '1123598815738675287', '1123598816738675203');
INSERT INTO "ALAIR"."SYS_ROLE_MENU" VALUES ('1123598817738675401', '1123598815738675288', '1123598816738675203');
INSERT INTO "ALAIR"."SYS_ROLE_MENU" VALUES ('1123598817738675402', '1123598815738675289', '1123598816738675203');
INSERT INTO "ALAIR"."SYS_ROLE_MENU" VALUES ('1123598817738675403', '1123598815738675290', '1123598816738675203');
INSERT INTO "ALAIR"."SYS_ROLE_MENU" VALUES ('1123598817738675404', '1123598815738675291', '1123598816738675203');
INSERT INTO "ALAIR"."SYS_ROLE_MENU" VALUES ('1123598817738675405', '1123598815738675292', '1123598816738675203');
INSERT INTO "ALAIR"."SYS_ROLE_MENU" VALUES ('1123598817738675406', '1123598815738675293', '1123598816738675203');
INSERT INTO "ALAIR"."SYS_ROLE_MENU" VALUES ('1123598817738675407', '1123598815738675294', '1123598816738675203');
INSERT INTO "ALAIR"."SYS_ROLE_MENU" VALUES ('1123598817738675408', '1123598815738675295', '1123598816738675203');
INSERT INTO "ALAIR"."SYS_ROLE_MENU" VALUES ('1123598817738675409', '1123598815738675296', '1123598816738675203');
INSERT INTO "ALAIR"."SYS_ROLE_MENU" VALUES ('1123598817738675410', '1123598815738675297', '1123598816738675203');
INSERT INTO "ALAIR"."SYS_ROLE_MENU" VALUES ('1123598817738675411', '1123598815738675201', '1123598816738675204');
INSERT INTO "ALAIR"."SYS_ROLE_MENU" VALUES ('1123598817738675412', '1123598815738675202', '1123598816738675204');
INSERT INTO "ALAIR"."SYS_ROLE_MENU" VALUES ('1123598817738675413', '1123598815738675219', '1123598816738675204');
INSERT INTO "ALAIR"."SYS_ROLE_MENU" VALUES ('1123598817738675414', '1123598815738675220', '1123598816738675204');
INSERT INTO "ALAIR"."SYS_ROLE_MENU" VALUES ('1123598817738675415', '1123598815738675221', '1123598816738675204');
INSERT INTO "ALAIR"."SYS_ROLE_MENU" VALUES ('1123598817738675416', '1123598815738675222', '1123598816738675204');
INSERT INTO "ALAIR"."SYS_ROLE_MENU" VALUES ('1123598817738675417', '1123598815738675280', '1123598816738675204');
INSERT INTO "ALAIR"."SYS_ROLE_MENU" VALUES ('1123598817738675418', '1123598815738675281', '1123598816738675204');
INSERT INTO "ALAIR"."SYS_ROLE_MENU" VALUES ('1123598817738675419', '1123598815738675282', '1123598816738675204');
INSERT INTO "ALAIR"."SYS_ROLE_MENU" VALUES ('1123598817738675420', '1123598815738675283', '1123598816738675204');
INSERT INTO "ALAIR"."SYS_ROLE_MENU" VALUES ('1123598817738675421', '1123598815738675284', '1123598816738675204');
INSERT INTO "ALAIR"."SYS_ROLE_MENU" VALUES ('1123598817738675422', '1123598815738675285', '1123598816738675204');
INSERT INTO "ALAIR"."SYS_ROLE_MENU" VALUES ('1123598817738675423', '1123598815738675286', '1123598816738675204');
INSERT INTO "ALAIR"."SYS_ROLE_MENU" VALUES ('1123598817738675424', '1123598815738675287', '1123598816738675204');
INSERT INTO "ALAIR"."SYS_ROLE_MENU" VALUES ('1123598817738675425', '1123598815738675288', '1123598816738675204');
INSERT INTO "ALAIR"."SYS_ROLE_MENU" VALUES ('1123598817738675426', '1123598815738675289', '1123598816738675204');
INSERT INTO "ALAIR"."SYS_ROLE_MENU" VALUES ('1123598817738675427', '1123598815738675290', '1123598816738675204');
INSERT INTO "ALAIR"."SYS_ROLE_MENU" VALUES ('1123598817738675428', '1123598815738675291', '1123598816738675204');
INSERT INTO "ALAIR"."SYS_ROLE_MENU" VALUES ('1123598817738675429', '1123598815738675292', '1123598816738675204');
INSERT INTO "ALAIR"."SYS_ROLE_MENU" VALUES ('1123598817738675430', '1123598815738675293', '1123598816738675204');
INSERT INTO "ALAIR"."SYS_ROLE_MENU" VALUES ('1123598817738675431', '1123598815738675294', '1123598816738675204');
INSERT INTO "ALAIR"."SYS_ROLE_MENU" VALUES ('1123598817738675432', '1123598815738675295', '1123598816738675204');
INSERT INTO "ALAIR"."SYS_ROLE_MENU" VALUES ('1123598817738675433', '1123598815738675296', '1123598816738675204');
INSERT INTO "ALAIR"."SYS_ROLE_MENU" VALUES ('1123598817738675434', '1123598815738675297', '1123598816738675204');
INSERT INTO "ALAIR"."SYS_ROLE_MENU" VALUES ('1123598817738675435', '1123598815738675201', '1123598816738675205');
INSERT INTO "ALAIR"."SYS_ROLE_MENU" VALUES ('1123598817738675436', '1123598815738675202', '1123598816738675205');
INSERT INTO "ALAIR"."SYS_ROLE_MENU" VALUES ('1123598817738675437', '1123598815738675219', '1123598816738675205');
INSERT INTO "ALAIR"."SYS_ROLE_MENU" VALUES ('1123598817738675438', '1123598815738675220', '1123598816738675205');
INSERT INTO "ALAIR"."SYS_ROLE_MENU" VALUES ('1123598817738675439', '1123598815738675221', '1123598816738675205');
INSERT INTO "ALAIR"."SYS_ROLE_MENU" VALUES ('1123598817738675440', '1123598815738675222', '1123598816738675205');
INSERT INTO "ALAIR"."SYS_ROLE_MENU" VALUES ('1123598817738675441', '1123598815738675280', '1123598816738675205');
INSERT INTO "ALAIR"."SYS_ROLE_MENU" VALUES ('1123598817738675442', '1123598815738675281', '1123598816738675205');
INSERT INTO "ALAIR"."SYS_ROLE_MENU" VALUES ('1123598817738675443', '1123598815738675282', '1123598816738675205');
INSERT INTO "ALAIR"."SYS_ROLE_MENU" VALUES ('1123598817738675444', '1123598815738675283', '1123598816738675205');
INSERT INTO "ALAIR"."SYS_ROLE_MENU" VALUES ('1123598817738675445', '1123598815738675284', '1123598816738675205');
INSERT INTO "ALAIR"."SYS_ROLE_MENU" VALUES ('1123598817738675446', '1123598815738675285', '1123598816738675205');
INSERT INTO "ALAIR"."SYS_ROLE_MENU" VALUES ('1123598817738675447', '1123598815738675286', '1123598816738675205');
INSERT INTO "ALAIR"."SYS_ROLE_MENU" VALUES ('1123598817738675448', '1123598815738675287', '1123598816738675205');
INSERT INTO "ALAIR"."SYS_ROLE_MENU" VALUES ('1123598817738675449', '1123598815738675288', '1123598816738675205');
INSERT INTO "ALAIR"."SYS_ROLE_MENU" VALUES ('1123598817738675450', '1123598815738675289', '1123598816738675205');
INSERT INTO "ALAIR"."SYS_ROLE_MENU" VALUES ('1123598817738675451', '1123598815738675290', '1123598816738675205');
INSERT INTO "ALAIR"."SYS_ROLE_MENU" VALUES ('1123598817738675452', '1123598815738675291', '1123598816738675205');
INSERT INTO "ALAIR"."SYS_ROLE_MENU" VALUES ('1123598817738675453', '1123598815738675292', '1123598816738675205');
INSERT INTO "ALAIR"."SYS_ROLE_MENU" VALUES ('1123598817738675454', '1123598815738675293', '1123598816738675205');
INSERT INTO "ALAIR"."SYS_ROLE_MENU" VALUES ('1123598817738675455', '1123598815738675294', '1123598816738675205');
INSERT INTO "ALAIR"."SYS_ROLE_MENU" VALUES ('1123598817738675456', '1123598815738675295', '1123598816738675205');
INSERT INTO "ALAIR"."SYS_ROLE_MENU" VALUES ('1123598817738675457', '1123598815738675296', '1123598816738675205');
INSERT INTO "ALAIR"."SYS_ROLE_MENU" VALUES ('1123598817738675458', '1123598815738675297', '1123598816738675205');
INSERT INTO "ALAIR"."SYS_ROLE_MENU" VALUES ('1149888293856833539', '1123598815738675317', '1123598816738675201');
INSERT INTO "ALAIR"."SYS_ROLE_MENU" VALUES ('1149891666312130561', '1123598815738675201', '1123598816738675201');
INSERT INTO "ALAIR"."SYS_ROLE_MENU" VALUES ('1149891666370850818', '1123598815738675202', '1123598816738675201');
INSERT INTO "ALAIR"."SYS_ROLE_MENU" VALUES ('1149891666437959682', '1123598815738675219', '1123598816738675201');
INSERT INTO "ALAIR"."SYS_ROLE_MENU" VALUES ('1149891666505068546', '1123598815738675220', '1123598816738675201');
INSERT INTO "ALAIR"."SYS_ROLE_MENU" VALUES ('1149891666555400193', '1123598815738675221', '1123598816738675201');
INSERT INTO "ALAIR"."SYS_ROLE_MENU" VALUES ('1149891666614120449', '1123598815738675222', '1123598816738675201');
INSERT INTO "ALAIR"."SYS_ROLE_MENU" VALUES ('1149891666651869185', '1123598815738675280', '1123598816738675201');
INSERT INTO "ALAIR"."SYS_ROLE_MENU" VALUES ('1149891666723172353', '1123598815738675281', '1123598816738675201');
INSERT INTO "ALAIR"."SYS_ROLE_MENU" VALUES ('1149891666765115393', '1123598815738675282', '1123598816738675201');
INSERT INTO "ALAIR"."SYS_ROLE_MENU" VALUES ('1149891666815447041', '1123598815738675283', '1123598816738675201');
INSERT INTO "ALAIR"."SYS_ROLE_MENU" VALUES ('1149891666844807170', '1123598815738675284', '1123598816738675201');
INSERT INTO "ALAIR"."SYS_ROLE_MENU" VALUES ('1149891666886750210', '1123598815738675285', '1123598816738675201');
INSERT INTO "ALAIR"."SYS_ROLE_MENU" VALUES ('1149891666924498946', '1123598815738675286', '1123598816738675201');
INSERT INTO "ALAIR"."SYS_ROLE_MENU" VALUES ('1149891666966441986', '1123598815738675287', '1123598816738675201');
INSERT INTO "ALAIR"."SYS_ROLE_MENU" VALUES ('1149891667012579330', '1123598815738675288', '1123598816738675201');
INSERT INTO "ALAIR"."SYS_ROLE_MENU" VALUES ('1149891667054522370', '1123598815738675289', '1123598816738675201');
INSERT INTO "ALAIR"."SYS_ROLE_MENU" VALUES ('1149891667109048322', '1123598815738675290', '1123598816738675201');
INSERT INTO "ALAIR"."SYS_ROLE_MENU" VALUES ('1149891667146797058', '1123598815738675291', '1123598816738675201');
INSERT INTO "ALAIR"."SYS_ROLE_MENU" VALUES ('1149891667197128706', '1123598815738675292', '1123598816738675201');
INSERT INTO "ALAIR"."SYS_ROLE_MENU" VALUES ('1149891667234877441', '1123598815738675293', '1123598816738675201');
INSERT INTO "ALAIR"."SYS_ROLE_MENU" VALUES ('1149891667272626178', '1123598815738675294', '1123598816738675201');

-- ----------------------------
-- Table structure for SYS_SEQ_REGISTRY
-- ----------------------------
DROP TABLE "ALAIR"."SYS_SEQ_REGISTRY";
CREATE TABLE "ALAIR"."SYS_SEQ_REGISTRY" (
  "SEQ_NAME" NVARCHAR2(255) VISIBLE NOT NULL,
  "SEQ_PARTITION" NVARCHAR2(255) VISIBLE NOT NULL,
  "SEQ_NEXT_VALUE" NUMBER(10,0) VISIBLE NOT NULL,
  "SEQ_CREATE_TIME" TIMESTAMP(6) VISIBLE NOT NULL,
  "SEQ_UPDATE_TIME" TIMESTAMP(6) VISIBLE
)
LOGGING
NOCOMPRESS
PCTFREE 10
INITRANS 1
STORAGE (
  INITIAL 65536 
  NEXT 1048576 
  MINEXTENTS 1
  MAXEXTENTS 2147483645
  BUFFER_POOL DEFAULT
)
PARALLEL 1
NOCACHE
DISABLE ROW MOVEMENT
;

-- ----------------------------
-- Records of SYS_SEQ_REGISTRY
-- ----------------------------
INSERT INTO "ALAIR"."SYS_SEQ_REGISTRY" VALUES ('seq', 'CAMC-', '53', TO_TIMESTAMP('2021-03-18 13:19:00.000000', 'SYYYY-MM-DD HH24:MI:SS:FF6'), TO_TIMESTAMP('2021-04-10 12:05:26.000000', 'SYYYY-MM-DD HH24:MI:SS:FF6'));

-- ----------------------------
-- Table structure for SYS_TENANT
-- ----------------------------
DROP TABLE "ALAIR"."SYS_TENANT";
CREATE TABLE "ALAIR"."SYS_TENANT" (
  "ID" NUMBER(20,0) VISIBLE NOT NULL,
  "TENANT_ID" NVARCHAR2(12) VISIBLE,
  "TENANT_NAME" NVARCHAR2(50) VISIBLE NOT NULL,
  "DOMAIN" VARCHAR2(255 BYTE) VISIBLE,
  "LINKMAN" NVARCHAR2(20) VISIBLE,
  "CONTACT_NUMBER" NVARCHAR2(20) VISIBLE,
  "ADDRESS" NVARCHAR2(255) VISIBLE,
  "CREATE_USER" NUMBER(20,0) VISIBLE,
  "CREATE_TIME" TIMESTAMP(6) VISIBLE,
  "UPDATE_USER" NUMBER(20,0) VISIBLE,
  "UPDATE_TIME" TIMESTAMP(6) VISIBLE,
  "STATUS" NUMBER(11,0) VISIBLE,
  "IS_DELETED" NUMBER(11,0) VISIBLE,
  "CREATE_BY" VARCHAR2(64 BYTE) VISIBLE
)
LOGGING
NOCOMPRESS
PCTFREE 10
INITRANS 1
STORAGE (
  INITIAL 65536 
  NEXT 1048576 
  MINEXTENTS 1
  MAXEXTENTS 2147483645
  BUFFER_POOL DEFAULT
)
PARALLEL 1
NOCACHE
DISABLE ROW MOVEMENT
;
COMMENT ON COLUMN "ALAIR"."SYS_TENANT"."ID" IS '主键';
COMMENT ON COLUMN "ALAIR"."SYS_TENANT"."TENANT_ID" IS '租户ID';
COMMENT ON COLUMN "ALAIR"."SYS_TENANT"."TENANT_NAME" IS '租户名称';
COMMENT ON COLUMN "ALAIR"."SYS_TENANT"."LINKMAN" IS '联系人';
COMMENT ON COLUMN "ALAIR"."SYS_TENANT"."CONTACT_NUMBER" IS '联系电话';
COMMENT ON COLUMN "ALAIR"."SYS_TENANT"."ADDRESS" IS '联系地址';
COMMENT ON COLUMN "ALAIR"."SYS_TENANT"."CREATE_USER" IS '创建人';
COMMENT ON COLUMN "ALAIR"."SYS_TENANT"."CREATE_TIME" IS '创建时间';
COMMENT ON COLUMN "ALAIR"."SYS_TENANT"."UPDATE_USER" IS '修改人';
COMMENT ON COLUMN "ALAIR"."SYS_TENANT"."UPDATE_TIME" IS '修改时间';
COMMENT ON COLUMN "ALAIR"."SYS_TENANT"."STATUS" IS '状态';
COMMENT ON COLUMN "ALAIR"."SYS_TENANT"."IS_DELETED" IS '是否已删除';
COMMENT ON COLUMN "ALAIR"."SYS_TENANT"."CREATE_BY" IS '创建人名称';
COMMENT ON TABLE "ALAIR"."SYS_TENANT" IS '租户表';

-- ----------------------------
-- Records of SYS_TENANT
-- ----------------------------
INSERT INTO "ALAIR"."SYS_TENANT" VALUES ('1123598820738675201', '000000', '管理组', NULL, 'admin', '666666', '管理组', '1123598821738675201', TO_TIMESTAMP('2019-01-01 00:00:39.000000', 'SYYYY-MM-DD HH24:MI:SS:FF6'), '1123598821738675201', TO_TIMESTAMP('2019-01-01 00:00:39.000000', 'SYYYY-MM-DD HH24:MI:SS:FF6'), '1', '0', 'admin');

-- ----------------------------
-- Table structure for SYS_USER
-- ----------------------------
DROP TABLE "ALAIR"."SYS_USER";
CREATE TABLE "ALAIR"."SYS_USER" (
  "ID" NUMBER(20,0) VISIBLE NOT NULL,
  "TENANT_ID" NVARCHAR2(12) VISIBLE,
  "CODE" NVARCHAR2(12) VISIBLE,
  "ACCOUNT" NVARCHAR2(45) VISIBLE,
  "PASSWORD" NVARCHAR2(45) VISIBLE,
  "NAME" NVARCHAR2(20) VISIBLE,
  "REAL_NAME" NVARCHAR2(10) VISIBLE,
  "AVATAR" NVARCHAR2(500) VISIBLE,
  "EMAIL" NVARCHAR2(45) VISIBLE,
  "PHONE" NVARCHAR2(45) VISIBLE,
  "BIRTHDAY" TIMESTAMP(6) VISIBLE,
  "SEX" NUMBER(6,0) VISIBLE,
  "ROLE_ID" NVARCHAR2(1000) VISIBLE,
  "DEPT_ID" NVARCHAR2(1000) VISIBLE,
  "POST_ID" NVARCHAR2(1000) VISIBLE,
  "CREATE_USER" NUMBER(20,0) VISIBLE,
  "CREATE_BY" NVARCHAR2(64) VISIBLE,
  "CREATE_TIME" TIMESTAMP(6) VISIBLE,
  "UPDATE_USER" NUMBER(20,0) VISIBLE,
  "UPDATE_TIME" TIMESTAMP(6) VISIBLE,
  "STATUS" NUMBER(11,0) VISIBLE,
  "IS_DELETED" NUMBER(11,0) VISIBLE
)
LOGGING
NOCOMPRESS
PCTFREE 10
INITRANS 1
STORAGE (
  INITIAL 65536 
  NEXT 1048576 
  MINEXTENTS 1
  MAXEXTENTS 2147483645
  BUFFER_POOL DEFAULT
)
PARALLEL 1
NOCACHE
DISABLE ROW MOVEMENT
;
COMMENT ON COLUMN "ALAIR"."SYS_USER"."ID" IS '主键';
COMMENT ON COLUMN "ALAIR"."SYS_USER"."TENANT_ID" IS '租户ID';
COMMENT ON COLUMN "ALAIR"."SYS_USER"."CODE" IS '用户编号';
COMMENT ON COLUMN "ALAIR"."SYS_USER"."ACCOUNT" IS '账号';
COMMENT ON COLUMN "ALAIR"."SYS_USER"."PASSWORD" IS '密码';
COMMENT ON COLUMN "ALAIR"."SYS_USER"."NAME" IS '昵称';
COMMENT ON COLUMN "ALAIR"."SYS_USER"."REAL_NAME" IS '真名';
COMMENT ON COLUMN "ALAIR"."SYS_USER"."EMAIL" IS '邮箱';
COMMENT ON COLUMN "ALAIR"."SYS_USER"."PHONE" IS '手机';
COMMENT ON COLUMN "ALAIR"."SYS_USER"."BIRTHDAY" IS '生日';
COMMENT ON COLUMN "ALAIR"."SYS_USER"."SEX" IS '性别';
COMMENT ON COLUMN "ALAIR"."SYS_USER"."ROLE_ID" IS '角色ID';
COMMENT ON COLUMN "ALAIR"."SYS_USER"."DEPT_ID" IS '部门ID';
COMMENT ON COLUMN "ALAIR"."SYS_USER"."POST_ID" IS '岗位ID';
COMMENT ON COLUMN "ALAIR"."SYS_USER"."CREATE_USER" IS '创建人';
COMMENT ON COLUMN "ALAIR"."SYS_USER"."CREATE_BY" IS '创建人名称';
COMMENT ON COLUMN "ALAIR"."SYS_USER"."CREATE_TIME" IS '创建时间';
COMMENT ON COLUMN "ALAIR"."SYS_USER"."UPDATE_USER" IS '修改人';
COMMENT ON COLUMN "ALAIR"."SYS_USER"."UPDATE_TIME" IS '修改时间';
COMMENT ON COLUMN "ALAIR"."SYS_USER"."STATUS" IS '状态';
COMMENT ON COLUMN "ALAIR"."SYS_USER"."IS_DELETED" IS '是否已删除';
COMMENT ON TABLE "ALAIR"."SYS_USER" IS '用户表';

-- ----------------------------
-- Records of SYS_USER
-- ----------------------------
INSERT INTO "ALAIR"."SYS_USER" VALUES ('1123598821738675201', '000000', NULL, 'admin', '10470c3b4b1fed12c3baac014be15fac67c6e815', '管理员', '管理员', NULL, 'admin@bladex.vip', '123333333333', TO_TIMESTAMP('2018-08-08 00:00:00.000000', 'SYYYY-MM-DD HH24:MI:SS:FF6'), '1', '1123598816738675201', '1123598813738675201', '1123598817738675201', '1123598821738675201', '1123598813738675201', TO_TIMESTAMP('2018-08-08 00:00:00.000000', 'SYYYY-MM-DD HH24:MI:SS:FF6'), '1123598821738675201', TO_TIMESTAMP('2018-08-08 00:00:00.000000', 'SYYYY-MM-DD HH24:MI:SS:FF6'), '1', '0');
INSERT INTO "ALAIR"."SYS_USER" VALUES ('1123598821738675202', '000000', NULL, 'hr', '10470c3b4b1fed12c3baac014be15fac67c6e815', '人事', '人事', NULL, 'hr@bladex.vip', '123333333333', TO_TIMESTAMP('2018-08-08 00:00:00.000000', 'SYYYY-MM-DD HH24:MI:SS:FF6'), '1', '1123598816738675203', '1123598813738675202', '1123598817738675207', '1123598821738675201', '1123598813738675201', TO_TIMESTAMP('2019-04-27 17:03:10.000000', 'SYYYY-MM-DD HH24:MI:SS:FF6'), '1123598821738675201', TO_TIMESTAMP('2019-04-27 17:03:10.000000', 'SYYYY-MM-DD HH24:MI:SS:FF6'), '1', '0');
INSERT INTO "ALAIR"."SYS_USER" VALUES ('1123598821738675203', '000000', NULL, 'manager', '10470c3b4b1fed12c3baac014be15fac67c6e815', '经理', '经理', NULL, 'manager@bladex.vip', '123333333333', TO_TIMESTAMP('2018-08-08 00:00:00.000000', 'SYYYY-MM-DD HH24:MI:SS:FF6'), '1', '1123598816738675204', '1123598813738675202', '1123598817738675206', '1123598821738675201', '1123598813738675201', TO_TIMESTAMP('2019-04-27 17:03:38.000000', 'SYYYY-MM-DD HH24:MI:SS:FF6'), '1123598821738675201', TO_TIMESTAMP('2019-04-27 17:03:38.000000', 'SYYYY-MM-DD HH24:MI:SS:FF6'), '1', '0');
INSERT INTO "ALAIR"."SYS_USER" VALUES ('1123598821738675204', '000000', NULL, 'boss', '10470c3b4b1fed12c3baac014be15fac67c6e815', '老板', '老板', NULL, 'boss@bladex.vip', '123333333333', TO_TIMESTAMP('2018-08-08 00:00:00.000000', 'SYYYY-MM-DD HH24:MI:SS:FF6'), '1', '1123598816738675205', '1123598813738675202', '1123598817738675201', '1123598821738675201', '1123598813738675201', TO_TIMESTAMP('2019-04-27 17:03:55.000000', 'SYYYY-MM-DD HH24:MI:SS:FF6'), '1123598821738675201', TO_TIMESTAMP('2019-04-27 17:03:55.000000', 'SYYYY-MM-DD HH24:MI:SS:FF6'), '1', '0');

-- ----------------------------
-- Table structure for SYS_USER_OAUTH
-- ----------------------------
DROP TABLE "ALAIR"."SYS_USER_OAUTH";
CREATE TABLE "ALAIR"."SYS_USER_OAUTH" (
  "ID" NUMBER(20,0) VISIBLE NOT NULL,
  "TENANT_ID" VARCHAR2(12 BYTE) VISIBLE,
  "UUID" VARCHAR2(64 BYTE) VISIBLE,
  "USER_ID" NUMBER(20,0) VISIBLE,
  "USERNAME" VARCHAR2(32 BYTE) VISIBLE,
  "NICKNAME" VARCHAR2(64 BYTE) VISIBLE,
  "AVATAR" VARCHAR2(1000 BYTE) VISIBLE,
  "BLOG" VARCHAR2(50 BYTE) VISIBLE,
  "COMPANY" VARCHAR2(255 BYTE) VISIBLE,
  "LOCATION" VARCHAR2(255 BYTE) VISIBLE,
  "EMAIL" VARCHAR2(255 BYTE) VISIBLE,
  "REMARK" VARCHAR2(255 BYTE) VISIBLE,
  "GENDER" VARCHAR2(16 BYTE) VISIBLE,
  "SOURCE" VARCHAR2(16 BYTE) VISIBLE
)
LOGGING
NOCOMPRESS
PCTFREE 10
INITRANS 1
STORAGE (
  BUFFER_POOL DEFAULT
)
NOCACHE
DISABLE ROW MOVEMENT
;
COMMENT ON COLUMN "ALAIR"."SYS_USER_OAUTH"."ID" IS '主键';
COMMENT ON COLUMN "ALAIR"."SYS_USER_OAUTH"."TENANT_ID" IS '租户ID';
COMMENT ON COLUMN "ALAIR"."SYS_USER_OAUTH"."UUID" IS '第三方系统用户ID';
COMMENT ON COLUMN "ALAIR"."SYS_USER_OAUTH"."USER_ID" IS '用户ID';
COMMENT ON COLUMN "ALAIR"."SYS_USER_OAUTH"."USERNAME" IS '账号';
COMMENT ON COLUMN "ALAIR"."SYS_USER_OAUTH"."NICKNAME" IS '用户名';
COMMENT ON COLUMN "ALAIR"."SYS_USER_OAUTH"."AVATAR" IS '头像';
COMMENT ON COLUMN "ALAIR"."SYS_USER_OAUTH"."BLOG" IS '应用主页';
COMMENT ON COLUMN "ALAIR"."SYS_USER_OAUTH"."COMPANY" IS '公司名';
COMMENT ON COLUMN "ALAIR"."SYS_USER_OAUTH"."LOCATION" IS '地址';
COMMENT ON COLUMN "ALAIR"."SYS_USER_OAUTH"."EMAIL" IS '邮件';
COMMENT ON COLUMN "ALAIR"."SYS_USER_OAUTH"."REMARK" IS '备注';
COMMENT ON COLUMN "ALAIR"."SYS_USER_OAUTH"."GENDER" IS '性别';
COMMENT ON COLUMN "ALAIR"."SYS_USER_OAUTH"."SOURCE" IS '来源';
COMMENT ON TABLE "ALAIR"."SYS_USER_OAUTH" IS '用户第三方认证表';

-- ----------------------------
-- Records of SYS_USER_OAUTH
-- ----------------------------

-- ----------------------------
-- Table structure for TESTING_API_MODULE
-- ----------------------------
DROP TABLE "ALAIR"."TESTING_API_MODULE";
CREATE TABLE "ALAIR"."TESTING_API_MODULE" (
  "ID" NUMBER(20,0) VISIBLE NOT NULL,
  "NUM" NVARCHAR2(20) VISIBLE NOT NULL,
  "PROJECT_ID" NUMBER(20,0) VISIBLE NOT NULL,
  "NAME" NVARCHAR2(64) VISIBLE NOT NULL,
  "DESCRIPTION" NVARCHAR2(500) VISIBLE,
  "METHOD" NVARCHAR2(64) VISIBLE NOT NULL,
  "PATH" NVARCHAR2(256) VISIBLE,
  "REQUEST" NCLOB VISIBLE,
  "RESPONSE" NCLOB VISIBLE,
  "CREATE_USER" NUMBER(20,0) VISIBLE,
  "CREATE_BY" NVARCHAR2(64) VISIBLE,
  "CREATE_TIME" TIMESTAMP(6) VISIBLE,
  "UPDATE_USER" NUMBER(20,0) VISIBLE,
  "UPDATE_TIME" TIMESTAMP(6) VISIBLE,
  "STATUS" NUMBER(11,0) VISIBLE,
  "IS_DELETED" NUMBER(11,0) VISIBLE
)
LOGGING
NOCOMPRESS
PCTFREE 10
INITRANS 1
STORAGE (
  INITIAL 65536 
  NEXT 1048576 
  MINEXTENTS 1
  MAXEXTENTS 2147483645
  BUFFER_POOL DEFAULT
)
PARALLEL 1
NOCACHE
DISABLE ROW MOVEMENT
;
COMMENT ON COLUMN "ALAIR"."TESTING_API_MODULE"."ID" IS 'API MODULE ID';
COMMENT ON COLUMN "ALAIR"."TESTING_API_MODULE"."NUM" IS 'API MODULE NUMBER';
COMMENT ON COLUMN "ALAIR"."TESTING_API_MODULE"."PROJECT_ID" IS 'PROJECT ID';
COMMENT ON COLUMN "ALAIR"."TESTING_API_MODULE"."NAME" IS 'NAME';
COMMENT ON COLUMN "ALAIR"."TESTING_API_MODULE"."DESCRIPTION" IS 'DESCRIPTION';
COMMENT ON COLUMN "ALAIR"."TESTING_API_MODULE"."METHOD" IS 'REQUEST METHOD';
COMMENT ON COLUMN "ALAIR"."TESTING_API_MODULE"."PATH" IS 'REQUEST URL PATH';
COMMENT ON COLUMN "ALAIR"."TESTING_API_MODULE"."REQUEST" IS 'REQUEST';
COMMENT ON COLUMN "ALAIR"."TESTING_API_MODULE"."RESPONSE" IS 'RESPONSE';
COMMENT ON COLUMN "ALAIR"."TESTING_API_MODULE"."CREATE_USER" IS '创建人';
COMMENT ON COLUMN "ALAIR"."TESTING_API_MODULE"."CREATE_BY" IS '创建人名称';
COMMENT ON COLUMN "ALAIR"."TESTING_API_MODULE"."CREATE_TIME" IS '创建时间';
COMMENT ON COLUMN "ALAIR"."TESTING_API_MODULE"."UPDATE_USER" IS '修改人';
COMMENT ON COLUMN "ALAIR"."TESTING_API_MODULE"."UPDATE_TIME" IS '修改时间';
COMMENT ON COLUMN "ALAIR"."TESTING_API_MODULE"."STATUS" IS '状态';
COMMENT ON COLUMN "ALAIR"."TESTING_API_MODULE"."IS_DELETED" IS '是否已删除';
COMMENT ON TABLE "ALAIR"."TESTING_API_MODULE" IS 'API MODULE';

-- ----------------------------
-- Records of TESTING_API_MODULE
-- ----------------------------
INSERT INTO "ALAIR"."TESTING_API_MODULE" VALUES ('1372418809863897089', 'CAMC-00003', '2', 'customerNumber1', NULL, 'post', '/postdemo', '{
    "arguments": [
      {
        "name": "customerNumber",
        "value": "123456"
      }
    ],
    "body": {
      "raw": "a:A",
      "type": "json"
    },
    "headers": [
      {
        "name": "token",
        "value": "14085qswed"
      }
    ],
    "rest": [
      {
        "name": "dg",
        "value": "111"
      }
    ]
  }', '{"headers":[{"name":"","value":"","type":"","files":[{"id":"","name":""}],"description":"","enable":true,"encode":true,"required":true,"contentType":"","file":false,"valid":false}],"statusCode":[{"name":"","value":"","type":"","files":[{"id":"","name":""}],"description":"","enable":true,"encode":true,"required":true,"contentType":"","file":false,"valid":false}],"body":{"type":"","raw":"","format":"","kvs":[{"type":"Text","enable":true,"encode":true,"required":true,"contentType":"text/plain","file":false,"valid":false}],"binary":[{"type":"Text","enable":true,"encode":true,"required":true,"contentType":"text/plain","file":false,"valid":false}],"valid":false,"xml":false,"kv":false,"json":false,"oldKV":false}}', '1123598821738675201', 'admin', TO_TIMESTAMP('2021-03-18 13:25:17.237000', 'SYYYY-MM-DD HH24:MI:SS:FF6'), '1123598821738675201', TO_TIMESTAMP('2021-03-18 13:25:17.237000', 'SYYYY-MM-DD HH24:MI:SS:FF6'), '0', '0');
INSERT INTO "ALAIR"."TESTING_API_MODULE" VALUES ('1372418809863897086', 'CAMC-00003', '2', 'customerNumber2', NULL, 'get', '/kycReviewInfo', '{
    "arguments": [
      {
        "name": "customerNumber",
        "value": "123456"
      }
    ],
    "body": {
      "raw": "a:A",
      "type": "json"
    },
    "headers": [
      {
        "name": "token",
        "value": "14085qswed"
      }
    ],
    "rest": [
      {
        "name": "dg",
        "value": "111"
      }
    ]
  }', '{"headers":[{"name":"","value":"","type":"","files":[{"id":"","name":""}],"description":"","enable":true,"encode":true,"required":true,"contentType":"","file":false,"valid":false}],"statusCode":[{"name":"","value":"","type":"","files":[{"id":"","name":""}],"description":"","enable":true,"encode":true,"required":true,"contentType":"","file":false,"valid":false}],"body":{"type":"","raw":"","format":"","kvs":[{"type":"Text","enable":true,"encode":true,"required":true,"contentType":"text/plain","file":false,"valid":false}],"binary":[{"type":"Text","enable":true,"encode":true,"required":true,"contentType":"text/plain","file":false,"valid":false}],"valid":false,"xml":false,"kv":false,"json":false,"oldKV":false}}', '1123598821738675201', 'admin', TO_TIMESTAMP('2021-03-18 13:25:17.237000', 'SYYYY-MM-DD HH24:MI:SS:FF6'), '1123598821738675201', TO_TIMESTAMP('2021-03-18 13:25:17.237000', 'SYYYY-MM-DD HH24:MI:SS:FF6'), '0', '0');

-- ----------------------------
-- Table structure for TESTING_API_TEST_CASE
-- ----------------------------
DROP TABLE "ALAIR"."TESTING_API_TEST_CASE";
CREATE TABLE "ALAIR"."TESTING_API_TEST_CASE" (
  "ID" NUMBER(20,0) VISIBLE NOT NULL,
  "NUM" NVARCHAR2(20) VISIBLE NOT NULL,
  "PROJECT_ID" NUMBER(20,0) VISIBLE NOT NULL,
  "NAME" NVARCHAR2(64) VISIBLE NOT NULL,
  "API_MODULE_ID" NUMBER(20,0) VISIBLE NOT NULL,
  "FOLDER_ID" NUMBER(20,0) VISIBLE NOT NULL,
  "DESCRIPTION" NVARCHAR2(500) VISIBLE,
  "REQUEST" NCLOB VISIBLE,
  "CREATE_USER" NUMBER(20,0) VISIBLE,
  "CREATE_BY" NVARCHAR2(64) VISIBLE,
  "CREATE_TIME" TIMESTAMP(6) VISIBLE,
  "UPDATE_USER" NUMBER(20,0) VISIBLE,
  "UPDATE_TIME" TIMESTAMP(6) VISIBLE,
  "STATUS" NUMBER(11,0) VISIBLE,
  "IS_DELETED" NUMBER(11,0) VISIBLE
)
LOGGING
NOCOMPRESS
PCTFREE 10
INITRANS 1
STORAGE (
  INITIAL 65536 
  NEXT 1048576 
  MINEXTENTS 1
  MAXEXTENTS 2147483645
  BUFFER_POOL DEFAULT
)
PARALLEL 1
NOCACHE
DISABLE ROW MOVEMENT
;
COMMENT ON COLUMN "ALAIR"."TESTING_API_TEST_CASE"."ID" IS 'API MODULE ID';
COMMENT ON COLUMN "ALAIR"."TESTING_API_TEST_CASE"."NUM" IS 'API TEST CASE NUMBER';
COMMENT ON COLUMN "ALAIR"."TESTING_API_TEST_CASE"."PROJECT_ID" IS 'PROJECT ID';
COMMENT ON COLUMN "ALAIR"."TESTING_API_TEST_CASE"."NAME" IS 'NAME';
COMMENT ON COLUMN "ALAIR"."TESTING_API_TEST_CASE"."API_MODULE_ID" IS 'MODULE ID';
COMMENT ON COLUMN "ALAIR"."TESTING_API_TEST_CASE"."FOLDER_ID" IS 'FOLDER ID';
COMMENT ON COLUMN "ALAIR"."TESTING_API_TEST_CASE"."DESCRIPTION" IS 'DESCRIPTION';
COMMENT ON COLUMN "ALAIR"."TESTING_API_TEST_CASE"."REQUEST" IS 'REQUEST';
COMMENT ON COLUMN "ALAIR"."TESTING_API_TEST_CASE"."CREATE_USER" IS '创建人';
COMMENT ON COLUMN "ALAIR"."TESTING_API_TEST_CASE"."CREATE_BY" IS '创建人名称';
COMMENT ON COLUMN "ALAIR"."TESTING_API_TEST_CASE"."CREATE_TIME" IS '创建时间';
COMMENT ON COLUMN "ALAIR"."TESTING_API_TEST_CASE"."UPDATE_USER" IS '修改人';
COMMENT ON COLUMN "ALAIR"."TESTING_API_TEST_CASE"."UPDATE_TIME" IS '修改时间';
COMMENT ON COLUMN "ALAIR"."TESTING_API_TEST_CASE"."STATUS" IS '状态';
COMMENT ON COLUMN "ALAIR"."TESTING_API_TEST_CASE"."IS_DELETED" IS '是否已删除';
COMMENT ON TABLE "ALAIR"."TESTING_API_TEST_CASE" IS 'API TEST CASE';

-- ----------------------------
-- Records of TESTING_API_TEST_CASE
-- ----------------------------
INSERT INTO "ALAIR"."TESTING_API_TEST_CASE" VALUES ('1372440508693020674', 'CAMC-00011', '1372074142760710145', 'petter', '1372418809863897086', '2', NULL, '{
    "arguments": [
      {
        "name": "customerNumber",
        "value": "123456"
      }
    ],
    "body": {
      "raw": "a:A",
      "type": "json"
    },
    "headers": [
      {
        "name": "token",
        "value": "14085qswed"
      }
    ],
    "rest": [
      {
        "name": "dg",
        "value": "111"
      }
    ]
  }', '1123598821738675201', 'admin', TO_TIMESTAMP('2021-03-18 14:51:30.640000', 'SYYYY-MM-DD HH24:MI:SS:FF6'), '1123598821738675201', TO_TIMESTAMP('2021-03-18 14:51:30.640000', 'SYYYY-MM-DD HH24:MI:SS:FF6'), '0', '0');
INSERT INTO "ALAIR"."TESTING_API_TEST_CASE" VALUES ('1372442785491255297', 'CAMC-00015', '1372413337354129409', 'tina', '1372418809863897089', '2', NULL, '{
    "arguments": [
      {
        "name": "customerNumber",
        "value": "123456"
      }
    ],
    "body": {
      "raw": "a:A",
      "type": "json"
    },
    "headers": [
      {
        "name": "token",
        "value": "14085qswed"
      }
    ],
    "rest": [
      {
        "name": "dg",
        "value": "111"
      }
    ]
  }', '1123598821738675201', 'admin', TO_TIMESTAMP('2021-03-18 15:00:33.471000', 'SYYYY-MM-DD HH24:MI:SS:FF6'), '1123598821738675201', TO_TIMESTAMP('2021-03-18 16:58:29.862000', 'SYYYY-MM-DD HH24:MI:SS:FF6'), '0', '0');

-- ----------------------------
-- Table structure for TESTING_API_TEST_RESULT
-- ----------------------------
DROP TABLE "ALAIR"."TESTING_API_TEST_RESULT";
CREATE TABLE "ALAIR"."TESTING_API_TEST_RESULT" (
  "ID" NUMBER(20,0) VISIBLE NOT NULL,
  "REPORT_ID" NUMBER(20,0) VISIBLE NOT NULL,
  "API_TEST_CASE_NAME" NVARCHAR2(64) VISIBLE NOT NULL,
  "API_NAME" NVARCHAR2(64) VISIBLE NOT NULL,
  "API_TEST_CASE_NUM" NVARCHAR2(64) VISIBLE NOT NULL,
  "RESPONSE_TIMES" NUMBER(10,0) VISIBLE NOT NULL,
  "RESPONSE_CODE" NUMBER(4,0) VISIBLE NOT NULL,
  "STATUS" NVARCHAR2(10) VISIBLE NOT NULL
)
LOGGING
NOCOMPRESS
PCTFREE 10
INITRANS 1
STORAGE (
  INITIAL 65536 
  NEXT 1048576 
  MINEXTENTS 1
  MAXEXTENTS 2147483645
  BUFFER_POOL DEFAULT
)
PARALLEL 1
NOCACHE
DISABLE ROW MOVEMENT
;
COMMENT ON COLUMN "ALAIR"."TESTING_API_TEST_RESULT"."ID" IS 'API TEST RESULT ID';
COMMENT ON COLUMN "ALAIR"."TESTING_API_TEST_RESULT"."REPORT_ID" IS 'API TEST REPORT ID';
COMMENT ON COLUMN "ALAIR"."TESTING_API_TEST_RESULT"."API_TEST_CASE_NAME" IS 'TEST CASE NAME';
COMMENT ON COLUMN "ALAIR"."TESTING_API_TEST_RESULT"."API_NAME" IS 'API NAME';
COMMENT ON COLUMN "ALAIR"."TESTING_API_TEST_RESULT"."API_TEST_CASE_NUM" IS 'TEST CASE NUMBER';
COMMENT ON COLUMN "ALAIR"."TESTING_API_TEST_RESULT"."RESPONSE_TIMES" IS 'API RESPONSE TIMES';
COMMENT ON COLUMN "ALAIR"."TESTING_API_TEST_RESULT"."RESPONSE_CODE" IS 'API RESPONSE CODE';
COMMENT ON COLUMN "ALAIR"."TESTING_API_TEST_RESULT"."STATUS" IS 'STATUS';
COMMENT ON TABLE "ALAIR"."TESTING_API_TEST_RESULT" IS 'API TEST CASE';

-- ----------------------------
-- Records of TESTING_API_TEST_RESULT
-- ----------------------------

-- ----------------------------
-- Table structure for TESTING_CASE_FOLDER
-- ----------------------------
DROP TABLE "ALAIR"."TESTING_CASE_FOLDER";
CREATE TABLE "ALAIR"."TESTING_CASE_FOLDER" (
  "ID" NUMBER(20,0) VISIBLE NOT NULL,
  "PARENT_ID" NUMBER(20,0) VISIBLE NOT NULL,
  "NAME" NVARCHAR2(64) VISIBLE NOT NULL,
  "DESCRIPTION" NVARCHAR2(512) VISIBLE,
  "PROJECT_ID" NUMBER(20,0) VISIBLE NOT NULL,
  "IS_DELETED" NUMBER(2,0) VISIBLE
)
LOGGING
NOCOMPRESS
PCTFREE 10
INITRANS 1
STORAGE (
  INITIAL 65536 
  NEXT 1048576 
  MINEXTENTS 1
  MAXEXTENTS 2147483645
  BUFFER_POOL DEFAULT
)
PARALLEL 1
NOCACHE
DISABLE ROW MOVEMENT
;
COMMENT ON COLUMN "ALAIR"."TESTING_CASE_FOLDER"."ID" IS 'FOLDER ID';
COMMENT ON COLUMN "ALAIR"."TESTING_CASE_FOLDER"."PARENT_ID" IS 'PARENT ID';
COMMENT ON COLUMN "ALAIR"."TESTING_CASE_FOLDER"."NAME" IS 'FOLDER NAME';
COMMENT ON COLUMN "ALAIR"."TESTING_CASE_FOLDER"."DESCRIPTION" IS 'FOLDER DESCRIPTION';
COMMENT ON COLUMN "ALAIR"."TESTING_CASE_FOLDER"."PROJECT_ID" IS 'PROJECT ID';
COMMENT ON COLUMN "ALAIR"."TESTING_CASE_FOLDER"."IS_DELETED" IS 'DELETED FLAG';
COMMENT ON TABLE "ALAIR"."TESTING_CASE_FOLDER" IS 'TEST CASE FOLDER';

-- ----------------------------
-- Records of TESTING_CASE_FOLDER
-- ----------------------------
INSERT INTO "ALAIR"."TESTING_CASE_FOLDER" VALUES ('1', '2', 'alair', '413', '1372074142760710145', '0');

-- ----------------------------
-- Table structure for TESTING_ENVIRONMENT
-- ----------------------------
DROP TABLE "ALAIR"."TESTING_ENVIRONMENT";
CREATE TABLE "ALAIR"."TESTING_ENVIRONMENT" (
  "ID" NUMBER(20,0) VISIBLE NOT NULL,
  "PROJECT_ID" NUMBER(20,0) VISIBLE NOT NULL,
  "NAME" NVARCHAR2(64) VISIBLE NOT NULL,
  "DESCRIPTION" NVARCHAR2(512) VISIBLE,
  "TYPE" NVARCHAR2(20) VISIBLE NOT NULL,
  "DOMAIN" NVARCHAR2(64) VISIBLE NOT NULL,
  "PORT" NUMBER(6,0) VISIBLE NOT NULL,
  "CUSTOM_DATA" NCLOB VISIBLE,
  "CREATE_USER" NUMBER(20,0) VISIBLE,
  "CREATE_BY" NVARCHAR2(64) VISIBLE,
  "CREATE_TIME" TIMESTAMP(6) VISIBLE,
  "UPDATE_USER" NUMBER(20,0) VISIBLE,
  "UPDATE_TIME" TIMESTAMP(6) VISIBLE,
  "STATUS" NUMBER(11,0) VISIBLE,
  "IS_DELETED" NUMBER(2,0) VISIBLE
)
LOGGING
NOCOMPRESS
PCTFREE 10
INITRANS 1
STORAGE (
  INITIAL 65536 
  NEXT 1048576 
  MINEXTENTS 1
  MAXEXTENTS 2147483645
  BUFFER_POOL DEFAULT
)
PARALLEL 1
NOCACHE
DISABLE ROW MOVEMENT
;
COMMENT ON COLUMN "ALAIR"."TESTING_ENVIRONMENT"."ID" IS 'ENVIRONMENT ID';
COMMENT ON COLUMN "ALAIR"."TESTING_ENVIRONMENT"."PROJECT_ID" IS 'PROJECT ID';
COMMENT ON COLUMN "ALAIR"."TESTING_ENVIRONMENT"."NAME" IS 'ENVIRONMENT NAME';
COMMENT ON COLUMN "ALAIR"."TESTING_ENVIRONMENT"."DESCRIPTION" IS 'ENVIRONMENT DESCRIPTION';
COMMENT ON COLUMN "ALAIR"."TESTING_ENVIRONMENT"."TYPE" IS 'ENVIRONMENT TYPE';
COMMENT ON COLUMN "ALAIR"."TESTING_ENVIRONMENT"."DOMAIN" IS 'ENVIRONMENT DOMAIN';
COMMENT ON COLUMN "ALAIR"."TESTING_ENVIRONMENT"."PORT" IS 'ENVIRONMENT PORT';
COMMENT ON COLUMN "ALAIR"."TESTING_ENVIRONMENT"."CUSTOM_DATA" IS 'ENVIRONMENT CUSTOM DATA';
COMMENT ON COLUMN "ALAIR"."TESTING_ENVIRONMENT"."CREATE_USER" IS '创建人';
COMMENT ON COLUMN "ALAIR"."TESTING_ENVIRONMENT"."CREATE_BY" IS '创建人名称';
COMMENT ON COLUMN "ALAIR"."TESTING_ENVIRONMENT"."CREATE_TIME" IS '创建时间';
COMMENT ON COLUMN "ALAIR"."TESTING_ENVIRONMENT"."UPDATE_USER" IS '修改人';
COMMENT ON COLUMN "ALAIR"."TESTING_ENVIRONMENT"."UPDATE_TIME" IS '修改时间';
COMMENT ON COLUMN "ALAIR"."TESTING_ENVIRONMENT"."STATUS" IS '状态';
COMMENT ON COLUMN "ALAIR"."TESTING_ENVIRONMENT"."IS_DELETED" IS '是否已删除';
COMMENT ON TABLE "ALAIR"."TESTING_ENVIRONMENT" IS 'ENVIRONMENT';

-- ----------------------------
-- Records of TESTING_ENVIRONMENT
-- ----------------------------
INSERT INTO "ALAIR"."TESTING_ENVIRONMENT" VALUES ('1373910330664632321', '1372074142760710145', 'jies', NULL, 'text', 'http://127.0.0.1:12306', '12306', '5', '1', 'admin', TO_TIMESTAMP('2021-03-22 16:12:03.505000', 'SYYYY-MM-DD HH24:MI:SS:FF6'), '1123598821738675201', TO_TIMESTAMP('2021-03-22 16:12:03.505000', 'SYYYY-MM-DD HH24:MI:SS:FF6'), '0', '0');

-- ----------------------------
-- Table structure for TESTING_PROJECT
-- ----------------------------
DROP TABLE "ALAIR"."TESTING_PROJECT";
CREATE TABLE "ALAIR"."TESTING_PROJECT" (
  "ID" NUMBER(20,0) VISIBLE NOT NULL,
  "NAME" NVARCHAR2(64) VISIBLE NOT NULL,
  "DESCRIPTION" NVARCHAR2(512) VISIBLE,
  "CREATE_USER" NUMBER(20,0) VISIBLE,
  "CREATE_BY" NVARCHAR2(64) VISIBLE,
  "CREATE_TIME" TIMESTAMP(6) VISIBLE,
  "UPDATE_USER" NUMBER(20,0) VISIBLE,
  "UPDATE_TIME" TIMESTAMP(6) VISIBLE,
  "STATUS" NUMBER(11,0) VISIBLE,
  "IS_DELETED" NUMBER(2,0) VISIBLE
)
LOGGING
NOCOMPRESS
PCTFREE 10
INITRANS 1
STORAGE (
  INITIAL 65536 
  NEXT 1048576 
  MINEXTENTS 1
  MAXEXTENTS 2147483645
  BUFFER_POOL DEFAULT
)
PARALLEL 1
NOCACHE
DISABLE ROW MOVEMENT
;
COMMENT ON COLUMN "ALAIR"."TESTING_PROJECT"."ID" IS 'PROJECT ID';
COMMENT ON COLUMN "ALAIR"."TESTING_PROJECT"."NAME" IS 'PROJECT NAME';
COMMENT ON COLUMN "ALAIR"."TESTING_PROJECT"."DESCRIPTION" IS 'PROJECT DESCRIPTION';
COMMENT ON COLUMN "ALAIR"."TESTING_PROJECT"."CREATE_USER" IS '创建人';
COMMENT ON COLUMN "ALAIR"."TESTING_PROJECT"."CREATE_BY" IS '创建人名称';
COMMENT ON COLUMN "ALAIR"."TESTING_PROJECT"."CREATE_TIME" IS '创建时间';
COMMENT ON COLUMN "ALAIR"."TESTING_PROJECT"."UPDATE_USER" IS '修改人';
COMMENT ON COLUMN "ALAIR"."TESTING_PROJECT"."UPDATE_TIME" IS '修改时间';
COMMENT ON COLUMN "ALAIR"."TESTING_PROJECT"."STATUS" IS '状态';
COMMENT ON COLUMN "ALAIR"."TESTING_PROJECT"."IS_DELETED" IS '是否已删除';
COMMENT ON TABLE "ALAIR"."TESTING_PROJECT" IS 'PROJECT';

-- ----------------------------
-- Records of TESTING_PROJECT
-- ----------------------------
INSERT INTO "ALAIR"."TESTING_PROJECT" VALUES ('1372074142760710145', 'jnx', NULL, '0', NULL, TO_TIMESTAMP('2021-03-17 14:35:42.186000', 'SYYYY-MM-DD HH24:MI:SS:FF6'), '1123598821738675201', TO_TIMESTAMP('2021-03-18 13:05:18.146000', 'SYYYY-MM-DD HH24:MI:SS:FF6'), '0', '0');
INSERT INTO "ALAIR"."TESTING_PROJECT" VALUES ('1372421160616144897', 'carl', 'adas', '0', 'Alair', TO_TIMESTAMP('2021-03-18 13:34:37.694000', 'SYYYY-MM-DD HH24:MI:SS:FF6'), '1123598821738675201', TO_TIMESTAMP('2021-03-19 11:36:55.177000', 'SYYYY-MM-DD HH24:MI:SS:FF6'), '0', '0');
INSERT INTO "ALAIR"."TESTING_PROJECT" VALUES ('1372421436110614529', 'dekline', NULL, '0', NULL, TO_TIMESTAMP('2021-03-18 13:35:43.382000', 'SYYYY-MM-DD HH24:MI:SS:FF6'), '1123598821738675201', TO_TIMESTAMP('2021-03-19 11:50:52.034000', 'SYYYY-MM-DD HH24:MI:SS:FF6'), '0', '0');

-- ----------------------------
-- Table structure for TESTING_REPORT
-- ----------------------------
DROP TABLE "ALAIR"."TESTING_REPORT";
CREATE TABLE "ALAIR"."TESTING_REPORT" (
  "ID" NUMBER(20,0) VISIBLE NOT NULL,
  "TYPE" NVARCHAR2(20) VISIBLE NOT NULL,
  "PROJECT_ID" NUMBER(20,0) VISIBLE NOT NULL,
  "PROJECT_NAME" NVARCHAR2(128) VISIBLE NOT NULL,
  "ENVIRONMENT_ID" NUMBER(20,0) VISIBLE NOT NULL,
  "RUN_DATE" TIMESTAMP(6) VISIBLE NOT NULL,
  "REPORT_URL" NVARCHAR2(138) VISIBLE NOT NULL,
  "FOLDER_ID" NUMBER(20,0) VISIBLE NOT NULL,
  "FOLDER_NAME" NVARCHAR2(128) VISIBLE NOT NULL,
  "CASE_COUNT" NUMBER(5,0) VISIBLE,
  "CREATE_BY" NVARCHAR2(32) VISIBLE NOT NULL
)
LOGGING
NOCOMPRESS
PCTFREE 10
INITRANS 1
STORAGE (
  INITIAL 65536 
  NEXT 1048576 
  MINEXTENTS 1
  MAXEXTENTS 2147483645
  BUFFER_POOL DEFAULT
)
PARALLEL 1
NOCACHE
DISABLE ROW MOVEMENT
;
COMMENT ON COLUMN "ALAIR"."TESTING_REPORT"."ID" IS 'REPORT ID';
COMMENT ON COLUMN "ALAIR"."TESTING_REPORT"."TYPE" IS 'REPORT TYPE';
COMMENT ON COLUMN "ALAIR"."TESTING_REPORT"."PROJECT_ID" IS 'PROJECT ID';
COMMENT ON COLUMN "ALAIR"."TESTING_REPORT"."PROJECT_NAME" IS 'PROJECT NAME';
COMMENT ON COLUMN "ALAIR"."TESTING_REPORT"."ENVIRONMENT_ID" IS 'ENVIRONMENT ID';
COMMENT ON COLUMN "ALAIR"."TESTING_REPORT"."RUN_DATE" IS 'RUN DATE';
COMMENT ON COLUMN "ALAIR"."TESTING_REPORT"."REPORT_URL" IS 'REPORT URL';
COMMENT ON COLUMN "ALAIR"."TESTING_REPORT"."FOLDER_ID" IS 'FOLDER ID';
COMMENT ON COLUMN "ALAIR"."TESTING_REPORT"."FOLDER_NAME" IS 'FOLDER NAME';
COMMENT ON COLUMN "ALAIR"."TESTING_REPORT"."CASE_COUNT" IS 'CASE COUNT';
COMMENT ON COLUMN "ALAIR"."TESTING_REPORT"."CREATE_BY" IS 'CREATE USER NAME';
COMMENT ON TABLE "ALAIR"."TESTING_REPORT" IS 'REPORT';

-- ----------------------------
-- Records of TESTING_REPORT
-- ----------------------------
INSERT INTO "ALAIR"."TESTING_REPORT" VALUES ('2057720909430', 'api', '1372074142760710145', 'jnx', '1373910330664632321', TO_TIMESTAMP('2021-04-12 14:06:45.838000', 'SYYYY-MM-DD HH24:MI:SS:FF6'), 'http://127.0.0.1:12306/report/jnx/1db0ccb2793a4ae9bcc1887212e3bca8.html', '1', 'alair', '1', 'boss');

-- ----------------------------
-- Checks structure for table DEVELOP_APPLICATION
-- ----------------------------
ALTER TABLE "ALAIR"."DEVELOP_APPLICATION" ADD CONSTRAINT "SYS_C007771" CHECK ("ID" IS NOT NULL) NOT DEFERRABLE INITIALLY IMMEDIATE NORELY VALIDATE;

-- ----------------------------
-- Primary Key structure for table DEVELOP_CODE
-- ----------------------------
ALTER TABLE "ALAIR"."DEVELOP_CODE" ADD CONSTRAINT "SYS_C0012758" PRIMARY KEY ("ID");

-- ----------------------------
-- Checks structure for table DEVELOP_CODE
-- ----------------------------
ALTER TABLE "ALAIR"."DEVELOP_CODE" ADD CONSTRAINT "SYS_C007772" CHECK ("ID" IS NOT NULL) NOT DEFERRABLE INITIALLY IMMEDIATE NORELY VALIDATE;

-- ----------------------------
-- Primary Key structure for table DEVELOP_DATASOURCE
-- ----------------------------
ALTER TABLE "ALAIR"."DEVELOP_DATASOURCE" ADD CONSTRAINT "SYS_C0017121" PRIMARY KEY ("ID");

-- ----------------------------
-- Checks structure for table DEVELOP_DATASOURCE
-- ----------------------------
ALTER TABLE "ALAIR"."DEVELOP_DATASOURCE" ADD CONSTRAINT "SYS_C007773" CHECK ("ID" IS NOT NULL) NOT DEFERRABLE INITIALLY IMMEDIATE NORELY VALIDATE;

-- ----------------------------
-- Primary Key structure for table SYS_ATTACH
-- ----------------------------
ALTER TABLE "ALAIR"."SYS_ATTACH" ADD CONSTRAINT "SYS_C0017502" PRIMARY KEY ("ID");

-- ----------------------------
-- Checks structure for table SYS_ATTACH
-- ----------------------------
ALTER TABLE "ALAIR"."SYS_ATTACH" ADD CONSTRAINT "SYS_C007761" CHECK ("ID" IS NOT NULL) NOT DEFERRABLE INITIALLY IMMEDIATE NORELY VALIDATE;

-- ----------------------------
-- Primary Key structure for table SYS_CLIENT
-- ----------------------------
ALTER TABLE "ALAIR"."SYS_CLIENT" ADD CONSTRAINT "SYS_C0012757" PRIMARY KEY ("ID");

-- ----------------------------
-- Checks structure for table SYS_CLIENT
-- ----------------------------
ALTER TABLE "ALAIR"."SYS_CLIENT" ADD CONSTRAINT "SYS_C007762" CHECK ("ID" IS NOT NULL) NOT DEFERRABLE INITIALLY IMMEDIATE NORELY VALIDATE;
ALTER TABLE "ALAIR"."SYS_CLIENT" ADD CONSTRAINT "SYS_C007763" CHECK ("CLIENT_ID" IS NOT NULL) NOT DEFERRABLE INITIALLY IMMEDIATE NORELY VALIDATE;
ALTER TABLE "ALAIR"."SYS_CLIENT" ADD CONSTRAINT "SYS_C007764" CHECK ("CLIENT_SECRET" IS NOT NULL) NOT DEFERRABLE INITIALLY IMMEDIATE NORELY VALIDATE;
ALTER TABLE "ALAIR"."SYS_CLIENT" ADD CONSTRAINT "SYS_C007765" CHECK ("SCOPE" IS NOT NULL) NOT DEFERRABLE INITIALLY IMMEDIATE NORELY VALIDATE;
ALTER TABLE "ALAIR"."SYS_CLIENT" ADD CONSTRAINT "SYS_C007766" CHECK ("AUTHORIZED_GRANT_TYPES" IS NOT NULL) NOT DEFERRABLE INITIALLY IMMEDIATE NORELY VALIDATE;
ALTER TABLE "ALAIR"."SYS_CLIENT" ADD CONSTRAINT "SYS_C007767" CHECK ("ACCESS_TOKEN_VALIDITY" IS NOT NULL) NOT DEFERRABLE INITIALLY IMMEDIATE NORELY VALIDATE;
ALTER TABLE "ALAIR"."SYS_CLIENT" ADD CONSTRAINT "SYS_C007768" CHECK ("REFRESH_TOKEN_VALIDITY" IS NOT NULL) NOT DEFERRABLE INITIALLY IMMEDIATE NORELY VALIDATE;
ALTER TABLE "ALAIR"."SYS_CLIENT" ADD CONSTRAINT "SYS_C007769" CHECK ("STATUS" IS NOT NULL) NOT DEFERRABLE INITIALLY IMMEDIATE NORELY VALIDATE;
ALTER TABLE "ALAIR"."SYS_CLIENT" ADD CONSTRAINT "SYS_C007770" CHECK ("IS_DELETED" IS NOT NULL) NOT DEFERRABLE INITIALLY IMMEDIATE NORELY VALIDATE;

-- ----------------------------
-- Primary Key structure for table SYS_DEPT
-- ----------------------------
ALTER TABLE "ALAIR"."SYS_DEPT" ADD CONSTRAINT "SYS_C0012759" PRIMARY KEY ("ID");

-- ----------------------------
-- Checks structure for table SYS_DEPT
-- ----------------------------
ALTER TABLE "ALAIR"."SYS_DEPT" ADD CONSTRAINT "SYS_C007774" CHECK ("ID" IS NOT NULL) NOT DEFERRABLE INITIALLY IMMEDIATE NORELY VALIDATE;

-- ----------------------------
-- Primary Key structure for table SYS_DICT
-- ----------------------------
ALTER TABLE "ALAIR"."SYS_DICT" ADD CONSTRAINT "SYS_C0012760" PRIMARY KEY ("ID");

-- ----------------------------
-- Checks structure for table SYS_DICT
-- ----------------------------
ALTER TABLE "ALAIR"."SYS_DICT" ADD CONSTRAINT "SYS_C007775" CHECK ("ID" IS NOT NULL) NOT DEFERRABLE INITIALLY IMMEDIATE NORELY VALIDATE;

-- ----------------------------
-- Primary Key structure for table SYS_LOG_DATACHANGE
-- ----------------------------
ALTER TABLE "ALAIR"."SYS_LOG_DATACHANGE" ADD CONSTRAINT "SYS_C0012762" PRIMARY KEY ("ID");

-- ----------------------------
-- Checks structure for table SYS_LOG_DATACHANGE
-- ----------------------------
ALTER TABLE "ALAIR"."SYS_LOG_DATACHANGE" ADD CONSTRAINT "SYS_C007776" CHECK ("ID" IS NOT NULL) NOT DEFERRABLE INITIALLY IMMEDIATE NORELY VALIDATE;

-- ----------------------------
-- Primary Key structure for table SYS_MENU
-- ----------------------------
ALTER TABLE "ALAIR"."SYS_MENU" ADD CONSTRAINT "SYS_C0012764" PRIMARY KEY ("ID");

-- ----------------------------
-- Checks structure for table SYS_MENU
-- ----------------------------
ALTER TABLE "ALAIR"."SYS_MENU" ADD CONSTRAINT "SYS_C007777" CHECK ("ID" IS NOT NULL) NOT DEFERRABLE INITIALLY IMMEDIATE NORELY VALIDATE;

-- ----------------------------
-- Primary Key structure for table SYS_PARAM
-- ----------------------------
ALTER TABLE "ALAIR"."SYS_PARAM" ADD CONSTRAINT "SYS_C0012767" PRIMARY KEY ("ID");

-- ----------------------------
-- Checks structure for table SYS_PARAM
-- ----------------------------
ALTER TABLE "ALAIR"."SYS_PARAM" ADD CONSTRAINT "SYS_C007778" CHECK ("ID" IS NOT NULL) NOT DEFERRABLE INITIALLY IMMEDIATE NORELY VALIDATE;

-- ----------------------------
-- Primary Key structure for table SYS_POST
-- ----------------------------
ALTER TABLE "ALAIR"."SYS_POST" ADD CONSTRAINT "SYS_C0023620" PRIMARY KEY ("ID");

-- ----------------------------
-- Checks structure for table SYS_POST
-- ----------------------------
ALTER TABLE "ALAIR"."SYS_POST" ADD CONSTRAINT "SYS_C007779" CHECK ("ID" IS NOT NULL) NOT DEFERRABLE INITIALLY IMMEDIATE NORELY VALIDATE;

-- ----------------------------
-- Primary Key structure for table SYS_REGION
-- ----------------------------
ALTER TABLE "ALAIR"."SYS_REGION" ADD CONSTRAINT "SYS_C0013572" PRIMARY KEY ("CODE");

-- ----------------------------
-- Checks structure for table SYS_REGION
-- ----------------------------
ALTER TABLE "ALAIR"."SYS_REGION" ADD CONSTRAINT "SYS_C007780" CHECK ("CODE" IS NOT NULL) NOT DEFERRABLE INITIALLY IMMEDIATE NORELY VALIDATE;
ALTER TABLE "ALAIR"."SYS_REGION" ADD CONSTRAINT "SYS_C007781" CHECK ("REGION_LEVEL" IS NOT NULL) NOT DEFERRABLE INITIALLY IMMEDIATE NORELY VALIDATE;
ALTER TABLE "ALAIR"."SYS_REGION" ADD CONSTRAINT "SYS_C007782" CHECK ("SORT" IS NOT NULL) NOT DEFERRABLE INITIALLY IMMEDIATE NORELY VALIDATE;

-- ----------------------------
-- Primary Key structure for table SYS_REPORT_FILE
-- ----------------------------
ALTER TABLE "ALAIR"."SYS_REPORT_FILE" ADD CONSTRAINT "SYS_C0012230" PRIMARY KEY ("ID");

-- ----------------------------
-- Checks structure for table SYS_REPORT_FILE
-- ----------------------------
ALTER TABLE "ALAIR"."SYS_REPORT_FILE" ADD CONSTRAINT "SYS_C007783" CHECK ("ID" IS NOT NULL) NOT DEFERRABLE INITIALLY IMMEDIATE NORELY VALIDATE;
ALTER TABLE "ALAIR"."SYS_REPORT_FILE" ADD CONSTRAINT "SYS_C007784" CHECK ("NAME" IS NOT NULL) NOT DEFERRABLE INITIALLY IMMEDIATE NORELY VALIDATE;
ALTER TABLE "ALAIR"."SYS_REPORT_FILE" ADD CONSTRAINT "SYS_C007785" CHECK ("CREATE_TIME" IS NOT NULL) NOT DEFERRABLE INITIALLY IMMEDIATE NORELY VALIDATE;
ALTER TABLE "ALAIR"."SYS_REPORT_FILE" ADD CONSTRAINT "SYS_C007786" CHECK ("UPDATE_TIME" IS NOT NULL) NOT DEFERRABLE INITIALLY IMMEDIATE NORELY VALIDATE;

-- ----------------------------
-- Primary Key structure for table SYS_ROLE
-- ----------------------------
ALTER TABLE "ALAIR"."SYS_ROLE" ADD CONSTRAINT "SYS_C0012769" PRIMARY KEY ("ID");

-- ----------------------------
-- Checks structure for table SYS_ROLE
-- ----------------------------
ALTER TABLE "ALAIR"."SYS_ROLE" ADD CONSTRAINT "SYS_C007787" CHECK ("ID" IS NOT NULL) NOT DEFERRABLE INITIALLY IMMEDIATE NORELY VALIDATE;

-- ----------------------------
-- Primary Key structure for table SYS_ROLE_MENU
-- ----------------------------
ALTER TABLE "ALAIR"."SYS_ROLE_MENU" ADD CONSTRAINT "SYS_C0012770" PRIMARY KEY ("ID");

-- ----------------------------
-- Checks structure for table SYS_ROLE_MENU
-- ----------------------------
ALTER TABLE "ALAIR"."SYS_ROLE_MENU" ADD CONSTRAINT "SYS_C007788" CHECK ("ID" IS NOT NULL) NOT DEFERRABLE INITIALLY IMMEDIATE NORELY VALIDATE;

-- ----------------------------
-- Primary Key structure for table SYS_SEQ_REGISTRY
-- ----------------------------
ALTER TABLE "ALAIR"."SYS_SEQ_REGISTRY" ADD CONSTRAINT "TB_EX_PK" PRIMARY KEY ("SEQ_NAME", "SEQ_PARTITION");

-- ----------------------------
-- Checks structure for table SYS_SEQ_REGISTRY
-- ----------------------------
ALTER TABLE "ALAIR"."SYS_SEQ_REGISTRY" ADD CONSTRAINT "SYS_C007832" CHECK ("SEQ_NAME" IS NOT NULL) NOT DEFERRABLE INITIALLY IMMEDIATE NORELY VALIDATE;
ALTER TABLE "ALAIR"."SYS_SEQ_REGISTRY" ADD CONSTRAINT "SYS_C007833" CHECK ("SEQ_PARTITION" IS NOT NULL) NOT DEFERRABLE INITIALLY IMMEDIATE NORELY VALIDATE;
ALTER TABLE "ALAIR"."SYS_SEQ_REGISTRY" ADD CONSTRAINT "SYS_C007834" CHECK ("SEQ_NEXT_VALUE" IS NOT NULL) NOT DEFERRABLE INITIALLY IMMEDIATE NORELY VALIDATE;
ALTER TABLE "ALAIR"."SYS_SEQ_REGISTRY" ADD CONSTRAINT "SYS_C007835" CHECK ("SEQ_CREATE_TIME" IS NOT NULL) NOT DEFERRABLE INITIALLY IMMEDIATE NORELY VALIDATE;

-- ----------------------------
-- Primary Key structure for table SYS_TENANT
-- ----------------------------
ALTER TABLE "ALAIR"."SYS_TENANT" ADD CONSTRAINT "SYS_C0012774" PRIMARY KEY ("ID");

-- ----------------------------
-- Checks structure for table SYS_TENANT
-- ----------------------------
ALTER TABLE "ALAIR"."SYS_TENANT" ADD CONSTRAINT "SYS_C007789" CHECK ("ID" IS NOT NULL) NOT DEFERRABLE INITIALLY IMMEDIATE NORELY VALIDATE;
ALTER TABLE "ALAIR"."SYS_TENANT" ADD CONSTRAINT "SYS_C007790" CHECK ("TENANT_NAME" IS NOT NULL) NOT DEFERRABLE INITIALLY IMMEDIATE NORELY VALIDATE;

-- ----------------------------
-- Primary Key structure for table SYS_USER
-- ----------------------------
ALTER TABLE "ALAIR"."SYS_USER" ADD CONSTRAINT "SYS_C0012777" PRIMARY KEY ("ID");

-- ----------------------------
-- Checks structure for table SYS_USER
-- ----------------------------
ALTER TABLE "ALAIR"."SYS_USER" ADD CONSTRAINT "SYS_C007791" CHECK ("ID" IS NOT NULL) NOT DEFERRABLE INITIALLY IMMEDIATE NORELY VALIDATE;

-- ----------------------------
-- Primary Key structure for table SYS_USER_OAUTH
-- ----------------------------
ALTER TABLE "ALAIR"."SYS_USER_OAUTH" ADD CONSTRAINT "SYS_C0013568" PRIMARY KEY ("ID");

-- ----------------------------
-- Checks structure for table SYS_USER_OAUTH
-- ----------------------------
ALTER TABLE "ALAIR"."SYS_USER_OAUTH" ADD CONSTRAINT "SYS_C007792" CHECK ("ID" IS NOT NULL) NOT DEFERRABLE INITIALLY IMMEDIATE NORELY VALIDATE;

-- ----------------------------
-- Primary Key structure for table TESTING_API_MODULE
-- ----------------------------
ALTER TABLE "ALAIR"."TESTING_API_MODULE" ADD CONSTRAINT "SYS_C0013661" PRIMARY KEY ("ID");

-- ----------------------------
-- Checks structure for table TESTING_API_MODULE
-- ----------------------------
ALTER TABLE "ALAIR"."TESTING_API_MODULE" ADD CONSTRAINT "SYS_C007793" CHECK ("ID" IS NOT NULL) NOT DEFERRABLE INITIALLY IMMEDIATE NORELY VALIDATE;
ALTER TABLE "ALAIR"."TESTING_API_MODULE" ADD CONSTRAINT "SYS_C007794" CHECK ("NUM" IS NOT NULL) NOT DEFERRABLE INITIALLY IMMEDIATE NORELY VALIDATE;
ALTER TABLE "ALAIR"."TESTING_API_MODULE" ADD CONSTRAINT "SYS_C007795" CHECK ("PROJECT_ID" IS NOT NULL) NOT DEFERRABLE INITIALLY IMMEDIATE NORELY VALIDATE;
ALTER TABLE "ALAIR"."TESTING_API_MODULE" ADD CONSTRAINT "SYS_C007796" CHECK ("NAME" IS NOT NULL) NOT DEFERRABLE INITIALLY IMMEDIATE NORELY VALIDATE;
ALTER TABLE "ALAIR"."TESTING_API_MODULE" ADD CONSTRAINT "SYS_C007797" CHECK ("METHOD" IS NOT NULL) NOT DEFERRABLE INITIALLY IMMEDIATE NORELY VALIDATE;

-- ----------------------------
-- Primary Key structure for table TESTING_API_TEST_CASE
-- ----------------------------
ALTER TABLE "ALAIR"."TESTING_API_TEST_CASE" ADD CONSTRAINT "SYS_C0013662" PRIMARY KEY ("ID");

-- ----------------------------
-- Checks structure for table TESTING_API_TEST_CASE
-- ----------------------------
ALTER TABLE "ALAIR"."TESTING_API_TEST_CASE" ADD CONSTRAINT "SYS_C007798" CHECK ("ID" IS NOT NULL) NOT DEFERRABLE INITIALLY IMMEDIATE NORELY VALIDATE;
ALTER TABLE "ALAIR"."TESTING_API_TEST_CASE" ADD CONSTRAINT "SYS_C007799" CHECK ("NUM" IS NOT NULL) NOT DEFERRABLE INITIALLY IMMEDIATE NORELY VALIDATE;
ALTER TABLE "ALAIR"."TESTING_API_TEST_CASE" ADD CONSTRAINT "SYS_C007800" CHECK ("PROJECT_ID" IS NOT NULL) NOT DEFERRABLE INITIALLY IMMEDIATE NORELY VALIDATE;
ALTER TABLE "ALAIR"."TESTING_API_TEST_CASE" ADD CONSTRAINT "SYS_C007801" CHECK ("NAME" IS NOT NULL) NOT DEFERRABLE INITIALLY IMMEDIATE NORELY VALIDATE;
ALTER TABLE "ALAIR"."TESTING_API_TEST_CASE" ADD CONSTRAINT "SYS_C007802" CHECK ("API_MODULE_ID" IS NOT NULL) NOT DEFERRABLE INITIALLY IMMEDIATE NORELY VALIDATE;
ALTER TABLE "ALAIR"."TESTING_API_TEST_CASE" ADD CONSTRAINT "SYS_C007803" CHECK ("FOLDER_ID" IS NOT NULL) NOT DEFERRABLE INITIALLY IMMEDIATE NORELY VALIDATE;

-- ----------------------------
-- Checks structure for table TESTING_API_TEST_RESULT
-- ----------------------------
ALTER TABLE "ALAIR"."TESTING_API_TEST_RESULT" ADD CONSTRAINT "SYS_C007861" CHECK ("ID" IS NOT NULL) NOT DEFERRABLE INITIALLY IMMEDIATE NORELY VALIDATE;
ALTER TABLE "ALAIR"."TESTING_API_TEST_RESULT" ADD CONSTRAINT "SYS_C007862" CHECK ("REPORT_ID" IS NOT NULL) NOT DEFERRABLE INITIALLY IMMEDIATE NORELY VALIDATE;
ALTER TABLE "ALAIR"."TESTING_API_TEST_RESULT" ADD CONSTRAINT "SYS_C007863" CHECK ("API_TEST_CASE_NAME" IS NOT NULL) NOT DEFERRABLE INITIALLY IMMEDIATE NORELY VALIDATE;
ALTER TABLE "ALAIR"."TESTING_API_TEST_RESULT" ADD CONSTRAINT "SYS_C007864" CHECK ("API_NAME" IS NOT NULL) NOT DEFERRABLE INITIALLY IMMEDIATE NORELY VALIDATE;
ALTER TABLE "ALAIR"."TESTING_API_TEST_RESULT" ADD CONSTRAINT "SYS_C007865" CHECK ("API_TEST_CASE_NUM" IS NOT NULL) NOT DEFERRABLE INITIALLY IMMEDIATE NORELY VALIDATE;
ALTER TABLE "ALAIR"."TESTING_API_TEST_RESULT" ADD CONSTRAINT "SYS_C007866" CHECK ("RESPONSE_TIMES" IS NOT NULL) NOT DEFERRABLE INITIALLY IMMEDIATE NORELY VALIDATE;
ALTER TABLE "ALAIR"."TESTING_API_TEST_RESULT" ADD CONSTRAINT "SYS_C007867" CHECK ("RESPONSE_CODE" IS NOT NULL) NOT DEFERRABLE INITIALLY IMMEDIATE NORELY VALIDATE;
ALTER TABLE "ALAIR"."TESTING_API_TEST_RESULT" ADD CONSTRAINT "SYS_C007868" CHECK ("STATUS" IS NOT NULL) NOT DEFERRABLE INITIALLY IMMEDIATE NORELY VALIDATE;

-- ----------------------------
-- Primary Key structure for table TESTING_CASE_FOLDER
-- ----------------------------
ALTER TABLE "ALAIR"."TESTING_CASE_FOLDER" ADD CONSTRAINT "SYS_C0013664" PRIMARY KEY ("ID");

-- ----------------------------
-- Checks structure for table TESTING_CASE_FOLDER
-- ----------------------------
ALTER TABLE "ALAIR"."TESTING_CASE_FOLDER" ADD CONSTRAINT "SYS_C007812" CHECK ("ID" IS NOT NULL) NOT DEFERRABLE INITIALLY IMMEDIATE NORELY VALIDATE;
ALTER TABLE "ALAIR"."TESTING_CASE_FOLDER" ADD CONSTRAINT "SYS_C007813" CHECK ("PARENT_ID" IS NOT NULL) NOT DEFERRABLE INITIALLY IMMEDIATE NORELY VALIDATE;
ALTER TABLE "ALAIR"."TESTING_CASE_FOLDER" ADD CONSTRAINT "SYS_C007814" CHECK ("NAME" IS NOT NULL) NOT DEFERRABLE INITIALLY IMMEDIATE NORELY VALIDATE;
ALTER TABLE "ALAIR"."TESTING_CASE_FOLDER" ADD CONSTRAINT "SYS_C007815" CHECK ("PROJECT_ID" IS NOT NULL) NOT DEFERRABLE INITIALLY IMMEDIATE NORELY VALIDATE;

-- ----------------------------
-- Primary Key structure for table TESTING_ENVIRONMENT
-- ----------------------------
ALTER TABLE "ALAIR"."TESTING_ENVIRONMENT" ADD CONSTRAINT "SYS_C0013665" PRIMARY KEY ("ID");

-- ----------------------------
-- Checks structure for table TESTING_ENVIRONMENT
-- ----------------------------
ALTER TABLE "ALAIR"."TESTING_ENVIRONMENT" ADD CONSTRAINT "SYS_C007816" CHECK ("ID" IS NOT NULL) NOT DEFERRABLE INITIALLY IMMEDIATE NORELY VALIDATE;
ALTER TABLE "ALAIR"."TESTING_ENVIRONMENT" ADD CONSTRAINT "SYS_C007817" CHECK ("PROJECT_ID" IS NOT NULL) NOT DEFERRABLE INITIALLY IMMEDIATE NORELY VALIDATE;
ALTER TABLE "ALAIR"."TESTING_ENVIRONMENT" ADD CONSTRAINT "SYS_C007818" CHECK ("NAME" IS NOT NULL) NOT DEFERRABLE INITIALLY IMMEDIATE NORELY VALIDATE;
ALTER TABLE "ALAIR"."TESTING_ENVIRONMENT" ADD CONSTRAINT "SYS_C007819" CHECK ("TYPE" IS NOT NULL) NOT DEFERRABLE INITIALLY IMMEDIATE NORELY VALIDATE;
ALTER TABLE "ALAIR"."TESTING_ENVIRONMENT" ADD CONSTRAINT "SYS_C007820" CHECK ("DOMAIN" IS NOT NULL) NOT DEFERRABLE INITIALLY IMMEDIATE NORELY VALIDATE;
ALTER TABLE "ALAIR"."TESTING_ENVIRONMENT" ADD CONSTRAINT "SYS_C007821" CHECK ("PORT" IS NOT NULL) NOT DEFERRABLE INITIALLY IMMEDIATE NORELY VALIDATE;

-- ----------------------------
-- Primary Key structure for table TESTING_PROJECT
-- ----------------------------
ALTER TABLE "ALAIR"."TESTING_PROJECT" ADD CONSTRAINT "SYS_C0013666" PRIMARY KEY ("ID");

-- ----------------------------
-- Checks structure for table TESTING_PROJECT
-- ----------------------------
ALTER TABLE "ALAIR"."TESTING_PROJECT" ADD CONSTRAINT "SYS_C007822" CHECK ("ID" IS NOT NULL) NOT DEFERRABLE INITIALLY IMMEDIATE NORELY VALIDATE;
ALTER TABLE "ALAIR"."TESTING_PROJECT" ADD CONSTRAINT "SYS_C007823" CHECK ("NAME" IS NOT NULL) NOT DEFERRABLE INITIALLY IMMEDIATE NORELY VALIDATE;

-- ----------------------------
-- Checks structure for table TESTING_REPORT
-- ----------------------------
ALTER TABLE "ALAIR"."TESTING_REPORT" ADD CONSTRAINT "SYS_C007873" CHECK ("ID" IS NOT NULL) NOT DEFERRABLE INITIALLY IMMEDIATE NORELY VALIDATE;
ALTER TABLE "ALAIR"."TESTING_REPORT" ADD CONSTRAINT "SYS_C007874" CHECK ("TYPE" IS NOT NULL) NOT DEFERRABLE INITIALLY IMMEDIATE NORELY VALIDATE;
ALTER TABLE "ALAIR"."TESTING_REPORT" ADD CONSTRAINT "SYS_C007875" CHECK ("PROJECT_ID" IS NOT NULL) NOT DEFERRABLE INITIALLY IMMEDIATE NORELY VALIDATE;
ALTER TABLE "ALAIR"."TESTING_REPORT" ADD CONSTRAINT "SYS_C007876" CHECK ("PROJECT_NAME" IS NOT NULL) NOT DEFERRABLE INITIALLY IMMEDIATE NORELY VALIDATE;
ALTER TABLE "ALAIR"."TESTING_REPORT" ADD CONSTRAINT "SYS_C007877" CHECK ("ENVIRONMENT_ID" IS NOT NULL) NOT DEFERRABLE INITIALLY IMMEDIATE NORELY VALIDATE;
ALTER TABLE "ALAIR"."TESTING_REPORT" ADD CONSTRAINT "SYS_C007878" CHECK ("RUN_DATE" IS NOT NULL) NOT DEFERRABLE INITIALLY IMMEDIATE NORELY VALIDATE;
ALTER TABLE "ALAIR"."TESTING_REPORT" ADD CONSTRAINT "SYS_C007879" CHECK ("REPORT_URL" IS NOT NULL) NOT DEFERRABLE INITIALLY IMMEDIATE NORELY VALIDATE;
ALTER TABLE "ALAIR"."TESTING_REPORT" ADD CONSTRAINT "SYS_C007880" CHECK ("FOLDER_ID" IS NOT NULL) NOT DEFERRABLE INITIALLY IMMEDIATE NORELY VALIDATE;
ALTER TABLE "ALAIR"."TESTING_REPORT" ADD CONSTRAINT "SYS_C007881" CHECK ("FOLDER_NAME" IS NOT NULL) NOT DEFERRABLE INITIALLY IMMEDIATE NORELY VALIDATE;
ALTER TABLE "ALAIR"."TESTING_REPORT" ADD CONSTRAINT "SYS_C007882" CHECK ("CREATE_BY" IS NOT NULL) NOT DEFERRABLE INITIALLY IMMEDIATE NORELY VALIDATE;
